,FAVC_yes,CAEC_Sometimes,CAEC_no,CAEC_Frequently,FAF,NCP,SMOKE_yes,SCC_yes,Cluster
0,0,1,0,0,0.0,3.0,0,0,0
1,0,1,0,0,3.0,3.0,1,1,3
2,0,1,0,0,2.0,3.0,0,0,0
3,0,1,0,0,2.0,3.0,0,0,0
4,0,1,0,0,0.0,1.0,0,0,0
5,1,1,0,0,0.0,3.0,0,0,0
6,1,1,0,0,1.0,3.0,0,0,0
7,0,1,0,0,3.0,3.0,0,0,0
8,1,1,0,0,1.0,3.0,0,0,0
9,1,1,0,0,1.0,3.0,0,0,0
10,1,0,0,1,2.0,3.0,0,0,1
11,1,0,0,1,2.0,3.0,0,1,1
12,0,1,0,0,2.0,3.0,0,0,0
13,1,1,0,0,2.0,3.0,0,0,0
14,1,1,0,0,1.0,1.0,0,0,0
15,0,0,0,0,2.0,3.0,0,1,1
16,1,1,0,0,1.0,1.0,0,0,0
17,1,1,0,0,0.0,1.0,0,0,0
18,1,0,0,1,0.0,4.0,1,0,1
19,0,1,0,0,0.0,1.0,0,0,0
20,0,1,0,0,3.0,3.0,0,0,0
21,1,1,0,0,1.0,3.0,0,0,0
22,1,1,0,0,0.0,1.0,0,0,0
23,1,1,0,0,0.0,3.0,0,0,0
24,0,0,0,1,3.0,4.0,1,0,1
25,1,0,0,1,1.0,1.0,0,0,1
26,1,0,0,1,2.0,4.0,0,0,1
27,1,1,0,0,3.0,3.0,0,1,0
28,1,1,0,0,2.0,3.0,0,0,0
29,1,0,0,1,0.0,4.0,0,0,1
30,0,1,0,0,1.0,1.0,0,0,0
31,0,1,0,0,1.0,3.0,0,0,0
32,0,1,0,0,0.0,1.0,0,0,0
33,1,0,0,1,2.0,4.0,0,0,1
34,0,1,0,0,2.0,3.0,0,0,0
35,1,1,0,0,2.0,3.0,0,1,0
36,1,1,0,0,1.0,3.0,0,0,0
37,1,1,0,0,1.0,3.0,0,0,0
38,1,1,0,0,3.0,3.0,0,0,0
39,1,1,0,0,1.0,3.0,0,0,0
40,0,0,0,1,0.0,4.0,0,0,1
41,1,1,0,0,0.0,3.0,0,0,0
42,1,1,0,0,1.0,3.0,1,0,0
43,0,0,1,0,2.0,3.0,0,0,2
44,0,1,0,0,0.0,3.0,0,0,0
45,1,0,0,1,2.0,3.0,0,0,1
46,1,0,0,1,2.0,3.0,0,0,1
47,0,1,0,0,1.0,3.0,0,0,0
48,1,1,0,0,0.0,3.0,0,0,0
49,1,1,0,0,0.0,3.0,0,0,0
50,1,1,0,0,0.0,3.0,0,0,0
51,1,1,0,0,2.0,1.0,0,0,0
52,0,0,1,0,2.0,3.0,0,1,2
53,0,0,0,0,2.0,4.0,0,0,1
54,0,0,0,1,0.0,4.0,0,0,1
55,1,1,0,0,0.0,3.0,0,0,0
56,0,1,0,0,0.0,3.0,0,0,0
57,1,1,0,0,1.0,1.0,0,0,0
58,1,1,0,0,2.0,4.0,0,0,0
59,1,1,0,0,3.0,3.0,0,0,0
60,1,1,0,0,3.0,3.0,0,0,0
61,1,0,1,0,0.0,1.0,0,0,2
62,1,1,0,0,0.0,3.0,0,0,0
63,1,0,0,1,1.0,3.0,0,0,1
64,1,0,0,1,0.0,3.0,0,0,1
65,1,0,0,0,0.0,3.0,0,0,0
66,1,0,0,0,0.0,3.0,0,0,0
67,1,0,1,0,0.0,3.0,1,1,2
68,0,0,1,0,0.0,3.0,0,0,2
69,1,0,0,0,0.0,3.0,0,0,0
70,0,0,1,0,2.0,3.0,0,1,2
71,0,1,0,0,1.0,3.0,0,1,0
72,0,1,0,0,2.0,3.0,0,0,0
73,1,0,0,1,0.0,3.0,0,0,1
74,0,1,0,0,2.0,3.0,0,1,0
75,0,0,1,0,1.0,3.0,0,0,2
76,1,1,0,0,0.0,3.0,0,0,0
77,1,1,0,0,0.0,3.0,0,0,0
78,0,1,0,0,0.0,3.0,0,0,0
79,0,1,0,0,0.0,3.0,0,1,0
80,1,0,0,1,0.0,3.0,0,0,1
81,1,0,0,0,0.0,3.0,0,0,0
82,0,0,1,0,2.0,3.0,0,1,2
83,1,0,0,1,0.0,3.0,0,0,1
84,0,1,0,0,0.0,3.0,0,0,0
85,1,0,0,1,1.0,1.0,0,0,1
86,1,1,0,0,0.0,3.0,0,0,0
87,1,0,0,1,1.0,3.0,0,1,1
88,1,1,0,0,2.0,3.0,0,0,0
89,0,0,0,0,2.0,4.0,0,0,1
90,0,0,0,0,0.0,3.0,0,1,1
91,0,0,0,0,1.0,3.0,0,0,1
92,1,1,0,0,2.0,3.0,0,0,0
93,0,0,0,1,2.0,1.0,0,0,1
94,0,1,0,0,3.0,3.0,0,0,0
95,0,0,0,1,0.0,1.0,0,0,1
96,0,1,0,0,3.0,3.0,0,0,0
97,1,1,0,0,0.0,1.0,0,0,0
98,0,0,0,1,0.0,3.0,0,0,1
99,1,0,0,1,2.0,4.0,0,1,1
100,1,0,0,1,1.0,4.0,0,0,1
101,1,1,0,0,0.0,3.0,0,0,0
102,1,1,0,0,2.0,1.0,0,0,0
103,1,0,0,0,0.0,3.0,0,0,0
104,0,1,0,0,3.0,3.0,0,0,0
105,1,1,0,0,2.0,1.0,0,0,0
106,1,1,0,0,0.0,3.0,0,0,0
107,1,1,0,0,0.0,1.0,0,0,0
108,1,0,0,1,1.0,4.0,0,0,1
109,0,1,0,0,3.0,1.0,0,0,0
110,1,0,0,1,1.0,1.0,0,0,1
111,1,0,0,1,0.0,3.0,0,0,1
112,1,1,0,0,3.0,3.0,0,0,0
113,0,0,0,1,1.0,3.0,0,0,1
114,1,1,0,0,1.0,3.0,0,0,0
115,0,0,0,1,2.0,3.0,1,0,1
116,1,0,0,1,0.0,3.0,1,0,1
117,1,0,0,1,0.0,3.0,0,0,1
118,0,0,0,1,1.0,4.0,0,0,1
119,1,1,0,0,1.0,1.0,0,0,0
120,1,1,0,0,0.0,3.0,0,0,0
121,1,0,0,0,0.0,3.0,0,0,0
122,1,1,0,0,1.0,3.0,0,0,0
123,1,1,0,0,1.0,1.0,0,1,0
124,1,0,0,1,0.0,3.0,0,0,1
125,1,1,0,0,1.0,3.0,0,0,0
126,1,0,0,1,1.0,4.0,0,0,1
127,0,1,0,0,1.0,3.0,0,0,0
128,1,0,0,1,1.0,3.0,1,1,1
129,1,1,0,0,2.0,3.0,0,0,0
130,1,1,0,0,1.0,3.0,0,0,0
131,1,1,0,0,1.0,3.0,0,0,0
132,0,0,0,0,3.0,3.0,0,1,1
133,1,0,0,1,0.0,3.0,0,0,1
134,1,0,0,1,1.0,3.0,0,0,1
135,1,0,0,0,2.0,3.0,0,0,0
136,1,0,0,1,1.0,3.0,1,0,1
137,1,1,0,0,0.0,1.0,0,0,0
138,0,1,0,0,2.0,4.0,0,1,0
139,1,0,1,0,1.0,1.0,0,0,2
140,0,0,0,1,2.0,3.0,0,0,1
141,0,1,0,0,0.0,3.0,0,0,0
142,1,0,0,0,0.0,3.0,0,0,0
143,1,1,0,0,2.0,1.0,0,0,0
144,1,1,0,0,2.0,1.0,0,0,0
145,1,1,0,0,2.0,3.0,0,0,0
146,1,0,0,0,0.0,1.0,1,0,0
147,0,1,0,0,2.0,3.0,0,0,0
148,1,1,0,0,0.0,3.0,0,0,0
149,1,0,0,1,1.0,1.0,0,0,1
150,0,0,0,1,0.0,3.0,0,0,1
151,1,0,0,1,2.0,3.0,0,0,1
152,0,1,0,0,0.0,3.0,0,0,0
153,1,1,0,0,0.0,1.0,0,0,0
154,0,1,0,0,2.0,3.0,1,0,0
155,1,0,0,0,2.0,3.0,1,0,0
156,0,0,0,1,3.0,3.0,0,1,1
157,0,0,0,1,2.0,3.0,0,0,1
158,0,1,0,0,1.0,3.0,1,0,0
159,0,0,0,0,0.0,3.0,0,0,1
160,0,1,0,0,1.0,3.0,0,0,0
161,1,1,0,0,1.0,1.0,0,0,0
162,1,1,0,0,2.0,1.0,0,0,0
163,1,0,0,1,1.0,3.0,0,0,1
164,0,1,0,0,1.0,1.0,0,0,0
165,0,1,0,0,0.0,3.0,0,1,0
166,1,1,0,0,2.0,3.0,0,0,0
167,1,0,0,0,1.0,1.0,0,0,0
168,1,0,0,1,3.0,3.0,0,1,1
169,1,0,0,1,2.0,3.0,1,0,1
170,1,1,0,0,1.0,3.0,0,0,0
171,1,0,0,1,0.0,3.0,0,0,1
172,1,0,0,1,0.0,3.0,0,0,1
173,1,1,0,0,0.0,1.0,1,0,0
174,0,1,0,0,1.0,3.0,0,0,0
175,0,1,0,0,1.0,3.0,0,0,0
176,0,1,0,0,3.0,3.0,0,0,0
177,1,0,1,0,3.0,1.0,0,0,2
178,1,1,0,0,1.0,3.0,0,0,0
179,1,1,0,0,1.0,3.0,0,0,0
180,1,0,0,1,2.0,1.0,1,1,1
181,0,1,0,0,3.0,3.0,0,1,0
182,0,0,0,1,2.0,1.0,0,1,1
183,1,0,0,1,3.0,3.0,0,0,1
184,1,1,0,0,1.0,3.0,0,0,0
185,0,1,0,0,1.0,3.0,0,0,0
186,1,1,0,0,0.0,3.0,0,0,0
187,1,0,0,1,0.0,1.0,0,0,1
188,1,1,0,0,1.0,1.0,0,0,0
189,0,1,0,0,1.0,1.0,1,0,0
190,1,0,0,0,0.0,3.0,0,0,0
191,1,1,0,0,0.0,3.0,1,0,0
192,0,1,0,0,1.0,3.0,0,0,0
193,1,1,0,0,3.0,3.0,0,0,0
194,1,1,0,0,1.0,1.0,1,0,0
195,1,0,0,1,2.0,3.0,0,0,1
196,0,0,1,0,1.0,3.0,0,1,2
197,1,1,0,0,1.0,3.0,0,0,0
198,1,0,0,1,0.0,3.0,0,0,1
199,1,1,0,0,1.0,1.0,0,0,0
200,0,1,0,0,0.0,1.0,0,0,0
201,1,1,0,0,1.0,3.0,0,0,0
202,1,1,0,0,1.0,3.0,0,0,0
203,1,1,0,0,0.0,3.0,0,0,0
204,0,0,0,1,3.0,3.0,0,0,1
205,0,0,0,1,3.0,3.0,0,1,1
206,0,1,0,0,3.0,1.0,0,0,0
207,1,1,0,0,1.0,3.0,0,0,0
208,0,0,0,1,0.0,3.0,0,1,1
209,1,1,0,0,1.0,1.0,0,0,0
210,1,0,0,0,0.0,4.0,0,0,0
211,1,0,0,1,1.0,3.0,0,0,1
212,1,1,0,0,0.0,1.0,0,0,0
213,0,1,0,0,2.0,3.0,0,0,0
214,1,1,0,0,0.0,3.0,0,0,0
215,1,1,0,0,1.0,3.0,0,0,0
216,0,1,0,0,0.0,3.0,0,0,0
217,0,1,0,0,0.0,3.0,0,0,0
218,1,1,0,0,2.0,4.0,0,0,0
219,1,1,0,0,0.0,1.0,1,0,0
220,0,1,0,0,1.0,1.0,0,0,0
221,1,0,1,0,2.0,1.0,0,0,2
222,0,0,1,0,2.0,1.0,0,0,2
223,1,0,0,0,3.0,3.0,0,1,1
224,1,1,0,0,1.0,3.0,0,0,0
225,1,1,0,0,1.0,1.0,0,0,0
226,1,0,1,0,3.0,3.0,0,1,2
227,1,1,0,0,1.0,1.0,0,0,0
228,1,1,0,0,3.0,3.0,0,0,0
229,1,0,0,0,0.0,3.0,0,0,0
230,1,1,0,0,1.0,3.0,1,0,0
231,0,1,0,0,2.0,1.0,0,1,0
232,0,1,0,0,2.0,3.0,1,0,0
233,1,1,0,0,0.0,3.0,0,0,0
234,1,0,0,1,3.0,3.0,0,0,1
235,1,0,0,0,3.0,3.0,0,1,1
236,1,1,0,0,3.0,1.0,0,0,0
237,1,1,0,0,1.0,1.0,0,0,0
238,0,1,0,0,0.0,1.0,0,0,0
239,1,1,0,0,0.0,1.0,0,0,0
240,0,1,0,0,0.0,3.0,0,0,0
241,0,1,0,0,3.0,3.0,0,0,0
242,0,1,0,0,1.0,3.0,0,0,0
243,0,1,0,0,1.0,3.0,0,1,0
244,0,1,0,0,1.0,1.0,0,0,0
245,1,0,0,1,0.0,3.0,0,0,1
246,1,1,0,0,1.0,3.0,0,0,0
247,0,0,0,1,2.0,3.0,0,1,1
248,1,1,0,0,1.0,3.0,0,0,0
249,1,0,0,1,3.0,3.0,0,0,1
250,1,0,0,1,1.0,3.0,0,1,1
251,1,0,0,1,2.0,3.0,0,0,1
252,1,0,0,1,0.0,4.0,0,0,1
253,1,0,0,1,0.0,3.0,0,0,1
254,0,0,0,0,0.0,4.0,0,0,1
255,1,1,0,0,0.0,3.0,0,0,0
256,1,1,0,0,0.0,3.0,0,0,0
257,1,0,0,1,0.0,3.0,0,0,1
258,1,1,0,0,2.0,3.0,0,0,0
259,1,0,0,1,0.0,3.0,0,0,1
260,0,1,0,0,2.0,3.0,0,0,0
261,1,0,0,1,0.0,3.0,0,0,1
262,1,0,0,1,1.0,1.0,0,0,1
263,1,0,0,0,3.0,4.0,1,0,0
264,1,1,0,0,0.0,3.0,0,0,0
265,0,1,0,0,1.0,3.0,0,0,0
266,1,0,0,1,0.0,4.0,1,0,1
267,1,0,0,1,0.0,3.0,0,0,1
268,1,0,0,1,1.0,3.0,0,0,1
269,0,1,0,0,2.0,3.0,0,0,0
270,1,1,0,0,1.0,1.0,0,0,0
271,1,0,0,0,0.0,3.0,0,0,0
272,1,1,0,0,1.0,3.0,0,0,0
273,1,1,0,0,3.0,3.0,0,0,0
274,1,1,0,0,0.0,3.0,0,0,0
275,0,1,0,0,3.0,3.0,0,0,0
276,1,0,0,1,2.0,3.0,0,0,1
277,1,0,0,1,2.0,3.0,0,0,1
278,1,0,0,1,1.0,3.0,0,0,1
279,0,0,0,1,1.0,3.0,0,0,1
280,1,1,0,0,1.0,1.0,1,0,0
281,0,1,0,0,0.0,1.0,0,0,0
282,1,1,0,0,2.0,3.0,0,0,0
283,0,1,0,0,2.0,3.0,0,0,0
284,1,0,0,1,0.0,3.0,0,0,1
285,1,1,0,0,1.0,3.0,0,0,0
286,1,1,0,0,0.0,3.0,1,0,0
287,1,1,0,0,2.0,4.0,0,0,0
288,1,0,0,0,3.0,3.0,0,0,0
289,1,0,0,0,0.0,4.0,0,0,0
290,0,1,0,0,2.0,3.0,0,0,0
291,1,1,0,0,2.0,3.0,1,0,0
292,1,0,0,0,0.0,3.0,0,0,0
293,1,0,0,1,0.0,1.0,0,0,1
294,1,0,0,0,2.0,4.0,0,0,0
295,1,0,0,1,2.0,4.0,0,0,1
296,1,0,0,0,3.0,3.0,0,0,0
297,1,1,0,0,3.0,3.0,0,0,0
298,1,0,0,0,1.0,3.0,0,0,0
299,1,1,0,0,1.0,3.0,0,0,0
300,1,0,0,0,0.0,3.0,0,0,0
301,0,0,0,1,2.0,3.0,0,0,1
302,1,1,0,0,1.0,4.0,0,0,0
303,1,1,0,0,0.0,3.0,0,0,0
304,1,1,0,0,0.0,3.0,0,0,0
305,1,0,0,0,1.0,1.0,0,0,0
306,0,0,0,1,3.0,3.0,0,0,1
307,0,0,0,1,2.0,3.0,0,0,1
308,1,1,0,0,3.0,3.0,0,0,0
309,1,1,0,0,0.0,3.0,0,0,0
310,1,1,0,0,1.0,1.0,0,0,0
311,1,1,0,0,3.0,3.0,0,0,0
312,0,0,0,1,0.0,4.0,0,0,1
313,0,1,0,0,3.0,1.0,0,0,0
314,1,1,0,0,0.0,3.0,0,0,0
315,1,0,0,1,2.0,4.0,0,0,1
316,1,1,0,0,2.0,3.0,0,0,0
317,1,1,0,0,1.0,1.0,0,0,0
318,0,0,0,0,3.0,4.0,0,1,1
319,1,0,0,1,1.0,3.0,0,1,1
320,1,0,0,1,2.0,4.0,0,0,1
321,1,1,0,0,0.0,3.0,0,0,0
322,1,0,0,1,3.0,3.0,0,0,1
323,1,1,0,0,1.0,1.0,0,1,0
324,0,1,0,0,2.0,3.0,0,1,0
325,1,1,0,0,1.0,3.0,0,0,0
326,0,1,0,0,0.0,3.0,0,0,0
327,1,1,0,0,1.0,3.0,0,0,0
328,0,1,0,0,3.0,3.0,0,0,0
329,1,0,0,1,2.0,3.0,0,0,1
330,1,0,0,0,3.0,3.0,0,0,0
331,0,0,0,0,2.0,3.0,0,0,1
332,1,1,0,0,1.0,3.0,0,0,0
333,1,1,0,0,3.0,3.0,0,0,0
334,1,0,0,0,1.0,3.0,0,0,0
335,0,1,0,0,3.0,3.0,0,0,0
336,0,0,0,0,2.0,4.0,0,0,1
337,1,1,0,0,2.0,3.0,0,0,0
338,1,1,0,0,0.0,3.0,0,0,0
339,1,1,0,0,1.0,3.0,0,0,0
340,1,1,0,0,1.0,1.0,0,0,0
341,0,1,0,0,3.0,3.0,0,0,0
342,1,1,0,0,1.0,3.0,0,0,0
343,0,1,0,0,1.0,1.0,0,0,0
344,0,1,0,0,1.0,3.0,0,0,0
345,1,0,0,1,1.0,3.0,0,0,1
346,1,1,0,0,2.0,1.0,0,0,0
347,0,1,0,0,1.0,3.0,0,0,0
348,1,1,0,0,2.0,1.0,0,0,0
349,1,0,0,0,2.0,1.0,0,0,0
350,1,1,0,0,0.0,3.0,0,0,0
351,1,1,0,0,3.0,1.0,0,0,0
352,1,0,0,1,3.0,3.0,0,0,1
353,1,1,0,0,0.0,1.0,0,0,0
354,0,0,0,1,3.0,3.0,0,0,1
355,1,1,0,0,1.0,3.0,0,0,0
356,1,0,0,0,1.0,1.0,0,1,1
357,1,1,0,0,0.0,3.0,0,0,0
358,1,1,0,0,0.0,1.0,0,0,0
359,1,0,0,1,2.0,4.0,0,0,1
360,1,0,0,1,1.0,1.0,0,0,1
361,0,1,0,0,2.0,3.0,0,0,0
362,0,0,0,1,1.0,4.0,0,0,1
363,1,0,0,1,2.0,3.0,0,0,1
364,1,1,0,0,0.0,3.0,0,0,0
365,1,1,0,0,3.0,3.0,0,1,0
366,1,0,0,1,2.0,3.0,0,0,1
367,0,0,0,1,0.0,3.0,0,0,1
368,0,1,0,0,0.0,3.0,0,0,0
369,1,1,0,0,0.0,1.0,0,1,0
370,1,0,0,1,1.0,3.0,0,0,1
371,0,1,0,0,1.0,3.0,0,0,0
372,1,0,0,1,0.0,3.0,0,0,1
373,0,1,0,0,1.0,3.0,0,0,0
374,1,1,0,0,0.0,1.0,0,0,0
375,1,0,0,0,0.0,3.0,0,0,0
376,0,1,0,0,0.0,3.0,0,0,0
377,0,0,0,1,2.0,3.0,0,0,1
378,1,1,0,0,0.0,3.0,0,0,0
379,1,1,0,0,0.0,3.0,0,0,0
380,1,1,0,0,3.0,3.0,0,0,0
381,0,1,0,0,2.0,3.0,0,0,0
382,1,0,0,1,0.0,4.0,0,0,1
383,1,0,0,0,0.0,1.0,0,0,0
384,0,0,0,1,0.0,1.0,0,0,1
385,0,1,0,0,0.0,3.0,0,0,0
386,1,0,0,0,1.0,3.0,0,0,0
387,1,0,0,1,2.0,1.0,0,0,1
388,0,1,0,0,0.0,3.0,0,0,0
389,1,1,0,0,3.0,3.0,0,0,0
390,0,1,0,0,3.0,3.0,0,0,0
391,0,1,0,0,3.0,3.0,0,0,0
392,1,0,0,1,1.0,3.0,0,0,1
393,0,1,0,0,0.0,1.0,0,0,0
394,1,1,0,0,2.0,1.0,0,0,0
395,0,1,0,0,1.0,3.0,0,0,0
396,0,1,0,0,0.0,3.0,0,1,0
397,1,0,0,1,1.0,3.0,0,0,1
398,0,1,0,0,1.0,3.0,0,1,0
399,1,0,0,0,1.0,1.0,0,0,0
400,1,1,0,0,2.0,3.0,0,0,0
401,1,1,0,0,2.0,3.0,0,1,0
402,1,1,0,0,1.0,3.0,0,0,0
403,1,1,0,0,2.0,3.0,0,0,0
404,1,1,0,0,0.0,3.0,0,0,0
405,1,1,0,0,2.0,4.0,0,1,0
406,1,1,0,0,2.0,4.0,0,1,0
407,1,1,0,0,2.0,3.0,0,0,0
408,1,1,0,0,1.0,3.0,0,0,0
409,0,1,0,0,0.0,3.0,0,0,0
410,1,0,0,0,2.0,3.0,0,0,0
411,0,1,0,0,1.0,3.0,0,0,0
412,1,0,1,0,3.0,3.0,0,0,2
413,1,0,0,1,2.0,1.0,0,0,1
414,1,0,0,1,1.0,3.0,0,1,1
415,1,1,0,0,1.0,3.0,0,0,0
416,1,0,0,1,2.0,4.0,0,0,1
417,1,0,0,1,2.0,3.0,0,0,1
418,1,1,0,0,1.0,3.0,0,0,0
419,1,0,0,1,3.0,4.0,0,0,1
420,1,1,0,0,3.0,1.0,0,0,0
421,1,1,0,0,0.0,3.0,0,0,0
422,1,0,0,0,1.0,1.0,0,0,0
423,1,1,0,0,2.0,3.0,0,0,0
424,1,0,0,1,0.0,3.0,0,0,1
425,1,1,0,0,0.0,3.0,0,0,0
426,1,0,0,1,1.0,3.0,0,0,1
427,1,1,0,0,0.0,3.0,0,0,0
428,1,1,0,0,0.0,3.0,0,0,0
429,1,1,0,0,2.0,1.0,0,0,0
430,1,1,0,0,3.0,4.0,0,0,0
431,1,0,0,1,2.0,3.0,0,0,1
432,1,1,0,0,2.0,4.0,0,0,0
433,1,1,0,0,0.0,1.0,0,0,0
434,1,1,0,0,2.0,3.0,0,0,0
435,1,1,0,0,1.0,3.0,0,0,0
436,0,0,0,1,1.0,3.0,0,0,1
437,0,0,1,0,2.0,3.0,0,0,2
438,1,1,0,0,0.0,3.0,0,0,0
439,1,1,0,0,1.0,1.0,0,0,0
440,1,0,0,1,1.0,3.0,0,0,1
441,1,0,0,1,0.0,1.0,0,0,1
442,1,1,0,0,0.0,3.0,0,0,0
443,1,0,0,0,1.0,3.0,0,0,0
444,1,0,0,1,1.0,3.0,0,0,1
445,1,1,0,0,0.0,1.0,0,0,0
446,1,0,0,0,0.0,1.0,0,0,0
447,0,1,0,0,2.0,3.0,0,0,0
448,0,0,0,0,2.0,4.0,0,0,1
449,1,0,0,1,1.0,3.0,0,0,1
450,1,0,0,1,1.0,3.0,0,0,1
451,1,0,0,1,1.0,3.0,0,0,1
452,1,1,0,0,0.0,1.0,0,0,0
453,1,0,0,1,3.0,3.0,0,0,1
454,1,1,0,0,1.0,3.0,0,1,0
455,0,0,0,1,1.0,4.0,0,0,1
456,1,0,0,1,1.0,3.0,0,0,1
457,1,1,0,0,1.0,3.0,0,0,0
458,0,1,0,0,0.0,1.0,0,0,0
459,1,1,0,0,1.0,3.0,0,0,0
460,1,0,0,1,1.0,3.0,0,1,1
461,1,0,0,1,1.0,3.0,0,0,1
462,1,0,0,1,1.0,4.0,0,0,1
463,1,1,0,0,0.0,3.0,0,0,0
464,1,1,0,0,2.0,4.0,0,1,0
465,1,0,0,1,1.0,1.0,0,0,1
466,1,1,0,0,0.0,3.0,0,0,0
467,1,1,0,0,0.0,3.0,0,0,0
468,1,0,0,0,3.0,3.0,0,0,0
469,1,1,0,0,1.0,3.0,0,0,0
470,0,1,0,0,3.0,3.0,0,0,0
471,1,1,0,0,2.0,3.0,0,0,0
472,1,1,0,0,0.0,1.0,0,0,0
473,1,0,1,0,1.0,3.0,0,1,2
474,1,1,0,0,1.0,3.0,1,0,0
475,1,0,0,1,2.0,3.0,0,0,1
476,1,1,0,0,0.0,3.0,0,0,0
477,1,0,0,0,0.0,1.0,0,1,1
478,0,1,0,0,1.0,3.0,0,0,0
479,1,1,0,0,0.319156,3.0,0,0,0
480,1,1,0,0,1.541072,3.0,0,0,0
481,1,1,0,0,0.0,3.0,0,0,0
482,1,1,0,0,1.978631,3.0,0,0,0
483,1,1,0,0,0.10032,3.0,0,0,0
484,1,1,0,0,1.586525,3.0,0,0,0
485,1,1,0,0,0.0,3.0,0,0,0
486,1,1,0,0,0.0,3.0,0,0,0
487,1,1,0,0,1.399183,3.0,0,0,0
488,1,1,0,0,1.680844,3.28926,0,0,0
489,1,1,0,0,2.0,4.0,0,0,0
490,1,1,0,0,2.0,3.995147,0,0,0
491,1,0,0,1,1.978631,3.0,0,0,1
492,1,0,0,1,2.0,3.0,0,0,1
493,1,0,0,1,2.206738,3.0,0,0,1
494,0,0,0,1,1.31817,1.72626,0,0,1
495,0,0,0,1,0.902095,2.581015,0,0,1
496,0,0,0,1,0.600817,1.600812,0,0,1
497,0,0,0,1,0.119643,1.73762,0,0,1
498,0,0,0,1,0.345684,1.10548,0,0,1
499,0,0,0,1,1.679935,3.0,0,0,1
500,1,1,0,0,2.539762,3.0,0,1,0
501,1,1,0,0,0.196152,2.0846,0,1,0
502,1,1,0,0,1.596576,1.894384,0,1,0
503,1,0,0,1,0.0,1.0,0,0,1
504,1,0,0,1,0.0,1.0,0,0,1
505,1,0,0,1,0.754646,2.857787,0,0,1
506,1,0,0,1,0.0,1.0,0,0,1
507,1,0,0,1,0.0,1.0,0,0,1
508,0,0,0,1,0.42777,3.765526,0,0,1
509,0,0,0,1,0.545931,3.285167,0,0,1
510,0,0,0,1,1.303976,4.0,0,0,1
511,1,1,0,0,1.488843,3.0,0,0,0
512,1,1,0,0,1.228136,3.691226,0,0,0
513,1,1,0,0,1.661556,3.0,0,0,0
514,1,0,0,1,0.658894,3.0,0,0,1
515,1,0,0,1,0.544784,3.156153,0,0,1
516,1,0,0,1,0.819682,3.0,0,0,1
517,1,1,0,0,0.194745,1.07976,0,0,0
518,1,1,0,0,0.0,1.0,0,0,0
519,1,1,0,0,0.0,1.0,0,0,0
520,0,0,0,1,2.0,3.559841,0,0,1
521,0,0,0,1,1.903182,3.0,0,0,1
522,0,0,0,1,1.067817,3.0,0,0,1
523,1,0,0,1,1.63581,3.0,0,0,1
524,1,0,0,1,2.870127,3.891994,0,0,1
525,1,0,0,1,0.619533,3.0,0,0,1
526,1,1,0,0,2.0,3.0,0,0,0
527,1,1,0,0,2.0,3.240578,0,0,0
528,1,1,0,0,2.0,3.0,0,0,0
529,1,0,0,1,0.821977,3.904858,0,0,1
530,1,0,0,1,1.44287,3.11158,0,0,1
531,1,0,0,1,0.107078,3.590039,0,0,1
532,1,1,0,0,0.288032,2.057935,0,0,0
533,1,1,0,0,1.926592,3.558637,0,0,0
534,1,1,0,0,0.99295,2.000986,0,0,0
535,1,1,0,0,1.252472,3.0,0,0,0
536,1,1,0,0,0.520408,3.0,0,0,0
537,1,1,0,0,0.281734,3.0,0,0,0
538,1,1,0,0,2.0,3.821168,0,0,0
539,1,1,0,0,2.0,3.897078,0,0,0
540,1,1,0,0,2.0,3.092116,0,0,0
541,1,1,0,0,2.595128,3.0,0,0,0
542,1,1,0,0,2.240714,3.0,0,0,0
543,1,1,0,0,2.458237,3.286431,0,0,0
544,1,1,0,0,2.0,4.0,0,0,0
545,1,1,0,0,2.0,4.0,0,0,0
546,1,1,0,0,2.0,4.0,0,0,0
547,1,0,0,1,0.139808,3.0,0,0,1
548,1,0,0,1,2.0,3.592415,0,0,1
549,1,0,0,1,2.0,3.0,0,0,1
550,1,1,0,0,2.0,3.754599,0,0,0
551,1,1,0,0,2.0,3.566082,0,0,0
552,1,1,0,0,2.0,3.725797,0,0,0
553,1,0,0,1,0.651412,3.520555,0,0,1
554,1,0,0,1,2.0,3.731212,0,0,1
555,1,0,0,1,2.0,4.0,0,0,1
556,0,0,0,1,1.522399,3.0,0,0,1
557,0,0,0,1,1.37467,1.259803,0,0,1
558,0,0,0,1,0.260079,1.273128,0,0,1
559,1,1,0,0,2.784471,3.0,0,0,0
560,1,1,0,0,2.349495,3.0,0,0,0
561,1,1,0,0,2.038653,3.304123,0,0,0
562,1,0,0,1,0.866045,3.647154,0,0,1
563,1,0,0,1,0.630944,3.0,0,0,1
564,1,0,0,1,2.20208,3.0,0,0,1
565,1,1,0,0,0.069802,3.300666,0,0,0
566,1,1,0,0,0.028202,3.0,0,0,0
567,1,1,0,0,0.618913,3.535016,0,0,0
568,1,1,0,0,0.684739,1.717608,0,0,0
569,1,1,0,0,2.306844,3.0,0,0,0
570,1,1,0,0,0.144627,2.884479,0,0,0
571,1,1,0,0,2.0,4.0,0,0,0
572,1,1,0,0,2.011519,3.626815,0,0,0
573,1,1,0,0,2.0,4.0,0,0,0
574,1,1,0,0,2.0,4.0,0,0,0
575,1,1,0,0,2.0,4.0,0,0,0
576,1,1,0,0,2.0,4.0,0,0,0
577,1,1,0,0,0.0,3.0,0,0,0
578,1,1,0,0,0.0,3.0,0,0,0
579,1,1,0,0,0.520407,3.0,0,0,0
580,0,0,0,1,1.070331,3.0,0,1,1
581,0,0,0,1,1.60195,3.0,0,1,1
582,0,0,0,1,1.258504,3.0,0,1,1
583,1,0,0,1,0.0,1.0,0,0,1
584,1,0,0,1,1.235675,1.473088,0,0,1
585,1,0,0,1,0.0,1.0,0,0,1
586,1,1,0,0,0.227985,3.0,0,0,0
587,1,1,0,0,1.838881,3.16645,0,0,0
588,1,1,0,0,0.833976,3.0,0,0,0
589,1,1,0,0,1.94907,3.494849,0,0,0
590,1,0,0,1,0.945093,3.0,0,0,1
591,0,0,0,1,1.967234,2.99321,0,0,1
592,0,0,0,1,0.995735,2.127797,0,0,1
593,0,0,0,1,1.295697,3.0,0,1,1
594,1,0,0,1,0.0,1.0,0,0,1
595,1,0,0,1,0.0,1.0,0,0,1
596,0,0,0,1,1.548953,3.90779,0,0,1
597,1,1,0,0,1.699592,3.699594,0,0,0
598,1,0,0,1,0.480614,3.179995,0,0,1
599,1,1,0,0,0.127425,1.075553,0,0,0
600,0,1,0,0,2.0,3.0,0,0,0
601,1,0,0,1,2.460238,3.0,0,0,1
602,1,0,0,1,0.783676,3.238258,0,0,1
603,1,0,0,1,0.174692,3.804944,0,0,1
604,1,1,0,0,0.548991,1.630846,0,0,0
605,1,1,0,0,1.162519,3.0,0,0,0
606,1,1,0,0,2.0,3.762778,0,0,0
607,1,1,0,0,2.830911,3.0,0,0,0
608,1,1,0,0,2.0,4.0,0,0,0
609,1,0,0,1,2.0,3.371832,0,0,1
610,1,1,0,0,2.0,4.0,0,0,0
611,1,0,0,1,1.683957,4.0,0,0,1
612,0,0,0,1,1.877369,2.705445,0,1,1
613,1,1,0,0,2.511157,3.34175,0,0,0
614,1,0,0,1,0.373186,3.0,0,0,1
615,1,1,0,0,0.0,3.0,0,0,0
616,1,1,0,0,2.075293,2.217651,0,0,0
617,1,1,0,0,2.0,4.0,0,0,0
618,1,1,0,0,2.0,4.0,0,0,0
619,1,1,0,0,0.027433,3.0,0,0,0
620,0,0,0,1,0.769726,2.893778,0,1,1
621,1,0,0,1,0.0,1.0,0,0,1
622,1,1,0,0,0.201136,3.0,0,0,0
623,1,1,0,0,1.696294,3.502604,0,0,0
624,1,1,0,0,2.0,4.0,0,0,0
625,1,0,0,1,2.0,3.998766,0,0,1
626,1,0,0,1,2.008256,3.0,0,0,1
627,1,0,0,1,2.0,3.193671,0,0,1
628,1,0,0,1,0.794402,3.0,0,0,1
629,0,0,0,1,1.098862,1.69608,0,0,1
630,0,0,0,1,1.612248,2.812377,0,0,1
631,0,0,0,1,1.190465,1.612747,0,0,1
632,0,0,0,1,0.033328,1.082304,0,0,1
633,0,0,0,1,0.417119,1.882158,0,0,1
634,0,0,0,1,1.42237,2.326233,0,0,1
635,1,1,0,0,1.352558,3.0,0,1,0
636,1,1,0,0,0.206025,1.989398,0,0,0
637,1,1,0,0,1.193486,1.735493,0,0,0
638,1,0,0,1,0.0,1.0,0,0,1
639,0,0,0,1,0.87967,2.974568,0,1,1
640,1,0,0,1,0.0,1.0,0,0,1
641,1,0,0,1,0.0,1.0,0,0,1
642,1,0,0,1,0.10297,3.715118,0,0,1
643,1,0,0,1,0.791929,3.489918,0,0,1
644,1,1,0,0,1.853425,3.378859,0,0,0
645,1,1,0,0,1.557737,3.263201,0,0,0
646,1,1,0,0,1.285976,3.994588,0,0,0
647,1,1,0,0,1.976341,3.24934,0,0,0
648,1,1,0,0,0.854337,3.0,0,0,0
649,1,0,0,1,1.952427,3.087544,0,0,1
650,1,1,0,0,0.533309,3.0,0,0,0
651,1,1,0,0,0.25289,1.163666,0,0,0
652,1,1,0,0,0.0,1.0,0,0,0
653,1,1,0,0,0.0,1.0,0,0,0
654,1,1,0,0,2.0,3.409363,0,0,0
655,0,1,0,0,1.862235,3.0,0,0,0
656,0,1,0,0,1.513029,3.281391,0,0,0
657,1,0,0,1,1.321624,3.0,0,0,1
658,1,1,0,0,2.113151,3.98525,0,0,0
659,1,0,0,1,0.486006,3.0,0,0,1
660,1,1,0,0,2.0,3.207071,0,0,0
661,1,1,0,0,2.0,3.471536,0,0,0
662,1,1,0,0,2.0,3.488342,0,0,0
663,1,0,0,1,1.078719,3.443456,0,0,1
664,1,0,0,1,1.616882,3.03779,0,0,1
665,1,0,0,1,0.118271,3.642802,0,0,1
666,1,1,0,0,0.291309,2.645858,0,0,0
667,1,1,0,0,1.351996,3.420618,0,0,0
668,1,1,0,0,0.998391,2.64155,0,0,0
669,1,1,0,0,1.077469,3.0,0,0,0
670,1,1,0,0,1.21718,3.0,0,0,0
671,1,1,0,0,0.680464,3.0,0,0,0
672,1,1,0,0,2.0,3.887906,0,0,0
673,1,1,0,0,2.026668,3.435905,0,0,0
674,1,1,0,0,2.0,3.747163,0,0,0
675,1,1,0,0,1.949667,2.625475,0,1,0
676,1,1,0,0,2.328147,3.098399,0,0,0
677,1,1,0,0,2.407906,3.12544,0,0,0
678,1,1,0,0,2.000088,3.96981,0,0,0
679,1,1,0,0,2.002997,3.712183,0,0,0
680,1,1,0,0,2.0,4.0,0,0,0
681,1,0,0,1,1.25955,3.0,0,0,1
682,1,1,0,0,2.0,3.832911,0,0,0
683,1,0,0,1,2.0,3.0,0,0,1
684,1,1,0,0,1.940182,3.576103,0,0,0
685,1,1,0,0,1.951027,3.56544,0,0,0
686,1,1,0,0,2.0,3.266644,0,0,0
687,1,1,0,0,0.819269,3.433908,0,0,0
688,1,1,0,0,2.0,3.531038,0,0,0
689,1,0,0,1,2.0,3.998618,0,0,1
690,0,0,0,1,1.461005,3.0,0,1,1
691,1,0,0,1,0.14495,1.226342,0,0,1
692,1,0,0,1,0.108948,1.060796,0,0,1
693,1,1,0,0,2.697949,3.0,0,0,0
694,1,1,0,0,2.077653,3.595761,0,0,0
695,1,1,0,0,2.009397,3.737914,0,0,0
696,1,0,0,1,0.993058,3.697831,0,0,1
697,1,0,0,1,0.611037,3.21043,0,0,1
698,1,0,0,1,2.206055,3.0,0,0,1
699,1,1,0,0,0.418875,3.45259,0,0,0
700,1,1,0,0,0.107981,3.0,0,0,0
701,1,1,0,0,0.115974,3.205587,0,0,0
702,1,1,0,0,0.227802,1.513835,0,0,0
703,1,1,0,0,2.432443,3.0,0,0,0
704,1,0,0,1,0.043412,2.779379,0,0,1
705,1,1,0,0,2.0,4.0,0,0,0
706,1,1,0,0,2.000934,3.732126,0,0,0
707,1,1,0,0,2.013377,3.937099,0,0,0
708,1,1,0,0,2.0,4.0,0,0,0
709,1,1,0,0,2.011646,3.047959,0,0,0
710,1,1,0,0,2.0,4.0,0,0,0
711,1,1,0,0,0.512094,3.0,0,0,0
712,1,1,0,0,0.062932,3.0,0,0,0
713,1,1,0,0,0.520407,3.0,0,0,0
714,0,0,0,1,1.327833,3.0,0,1,1
715,0,0,0,1,0.979701,2.975362,0,1,1
716,0,0,0,1,1.230441,3.0,0,1,1
717,1,0,0,1,0.0,1.0,0,0,1
718,1,0,0,1,0.463949,1.394539,0,0,1
719,1,0,0,1,0.0,1.0,0,0,1
720,1,1,0,0,0.023574,3.0,0,0,0
721,1,1,0,0,1.487987,3.131032,0,0,0
722,1,1,0,0,0.684879,3.0,0,0,0
723,1,1,0,0,2.0,1.578521,0,0,0
724,1,0,1,0,0.770536,1.0,0,0,2
725,1,1,0,0,0.046836,3.985442,0,0,0
726,1,1,0,0,0.989316,3.623364,0,0,0
727,1,0,1,0,0.94984,3.0,0,0,2
728,1,1,0,0,0.0,3.0,0,0,0
729,1,1,0,0,3.0,3.36313,0,0,0
730,1,1,0,0,1.097905,3.0,0,0,0
731,1,1,0,0,0.699592,3.0,0,0,0
732,1,1,0,0,2.641072,1.73762,0,0,0
733,1,1,0,0,0.345684,3.0,0,0,0
734,0,1,0,0,0.679935,1.146052,0,0,0
735,1,1,0,0,0.920476,3.981997,0,0,0
736,1,0,1,0,1.0,1.9154,0,0,2
737,1,1,0,0,0.0,2.105616,0,0,0
738,1,1,0,0,0.0,3.0,0,0,0
739,1,1,0,0,2.287423,1.0,0,0,0
740,1,0,1,0,0.245354,1.0,0,0,2
741,1,1,0,0,0.228307,3.0,0,0,0
742,1,1,0,0,2.57223,1.0,0,0,0
743,1,1,0,0,2.545931,3.714833,0,0,0
744,1,1,0,0,1.607953,3.0,0,0,0
745,1,1,0,0,2.022315,3.0,0,0,0
746,1,0,1,0,1.228136,3.691226,0,0,2
747,1,0,0,1,0.0,3.0,0,0,1
748,1,1,0,0,2.0,3.292386,0,0,0
749,1,1,0,0,1.910432,3.0,0,0,0
750,1,1,0,0,1.360635,1.104642,0,0,0
751,1,1,0,0,2.707882,3.0,0,0,0
752,1,1,0,0,1.0,3.0,0,0,0
753,1,1,0,0,1.682271,3.0,0,0,0
754,1,1,0,0,0.23553,3.559841,0,0,0
755,1,1,0,0,1.096818,3.0,0,0,0
756,1,1,0,0,1.067817,3.0,0,0,0
757,1,1,0,0,0.0,3.0,0,0,0
758,1,1,0,0,0.0,3.0,0,0,0
759,1,1,0,0,0.793489,3.654061,0,0,0
760,1,1,0,0,0.110174,1.296156,0,1,0
761,1,1,0,0,0.694281,1.0,0,1,0
762,1,1,0,0,1.912981,2.656588,0,0,0
763,0,1,0,0,0.178023,2.809716,0,0,0
764,1,1,0,0,0.55713,2.77684,0,0,0
765,1,1,0,0,2.892922,3.0,0,0,0
766,1,1,0,0,1.0,1.0,0,0,0
767,1,1,0,0,0.926592,1.0,0,1,0
768,1,1,0,0,0.00705,1.999014,0,0,0
769,1,1,0,0,0.747528,2.644692,0,1,0
770,1,1,0,0,0.479592,2.449723,0,1,0
771,1,1,0,0,2.0,3.0,0,0,0
772,1,1,0,0,0.0,3.0,0,0,0
773,1,1,0,0,0.101236,2.794156,0,0,0
774,1,1,0,0,2.0,4.0,0,0,0
775,1,1,0,0,1.809745,1.146794,0,0,0
776,1,1,0,0,0.0,1.131695,0,0,0
777,1,1,0,0,1.0,3.0,0,0,0
778,1,1,0,0,0.0,3.0,0,1,0
779,1,1,0,0,2.0,3.0,0,0,0
780,1,1,0,0,2.0,2.488189,0,0,0
781,1,0,1,0,0.63119,1.0,0,0,2
782,1,0,1,0,0.729898,1.0,0,0,2
783,1,1,0,0,0.00342,3.999591,0,0,0
784,1,1,0,0,0.994592,3.0,0,0,0
785,1,0,1,0,0.562118,3.612941,0,0,2
786,1,0,1,0,0.508847,3.950553,0,0,2
787,1,1,0,0,0.336814,3.0,0,0,0
788,1,1,0,0,0.977998,3.0,0,0,0
789,1,1,0,0,0.378683,2.951837,0,0,0
790,1,1,0,0,0.444347,2.799979,0,0,0
791,1,1,0,0,0.0,3.0,0,0,0
792,1,1,0,0,0.129163,3.0,0,0,0
793,1,1,0,0,0.0,3.0,0,0,0
794,1,1,0,0,1.293665,2.228113,0,0,0
795,1,1,0,0,0.944982,3.042774,0,0,0
796,1,1,0,0,0.0,1.198643,0,0,0
797,1,1,0,0,0.0,1.555557,0,0,0
798,1,1,0,0,1.922234,3.987707,0,0,0
799,1,1,0,0,1.236114,3.995957,0,0,0
800,1,1,0,0,0.15136,1.047197,0,0,0
801,1,1,0,0,0.11964,3.0,0,0,0
802,1,1,0,0,2.16079,3.0,0,0,0
803,1,1,0,0,2.063943,1.0,0,0,0
804,1,1,0,0,2.119682,1.0,0,0,0
805,1,1,0,0,1.581242,3.0,0,0,0
806,1,1,0,0,0.759422,3.0,0,0,0
807,1,1,0,0,2.315983,1.0,0,0,0
808,1,1,0,0,2.0,1.193589,0,0,0
809,1,1,0,0,1.763277,3.0,0,0,0
810,1,1,0,0,2.207881,3.0,0,0,0
811,1,1,0,0,1.528968,3.0,0,0,0
812,1,1,0,0,2.318492,3.390143,0,0,0
813,1,1,0,0,1.993666,3.546352,0,0,0
814,1,0,1,0,0.985872,3.266501,0,0,2
815,1,0,1,0,0.97812,3.554974,0,0,2
816,1,1,0,0,0.094893,2.372311,0,0,0
817,1,1,0,0,1.117311,2.10601,0,0,0
818,1,1,0,0,2.0,4.0,0,0,0
819,1,1,0,0,1.815768,3.715306,0,0,0
820,1,1,0,0,1.358185,3.376717,0,0,0
821,1,1,0,0,2.971832,1.0,0,0,0
822,1,1,0,0,2.877473,1.0,0,0,0
823,1,1,0,0,3.0,1.211606,0,0,0
824,1,1,0,0,1.0,3.0,0,0,0
825,1,1,0,0,1.0,3.0,0,0,0
826,1,1,0,0,1.722053,3.0,0,0,0
827,1,1,0,0,0.81517,3.98955,0,0,0
828,1,1,0,0,1.224743,3.171082,0,0,0
829,1,1,0,0,0.754599,3.0,0,0,0
830,1,1,0,0,2.433918,3.0,0,0,0
831,1,1,0,0,0.523847,3.0,0,0,0
832,1,1,0,0,0.0,3.0,0,0,0
833,1,1,0,0,0.061366,3.0,0,0,0
834,1,1,0,0,0.184917,3.105007,0,0,0
835,1,1,0,0,0.497373,3.0,0,1,0
836,1,1,0,0,0.129902,3.0,0,1,0
837,1,1,0,0,0.736032,1.0,0,1,0
838,1,1,0,0,1.264616,1.590982,0,0,0
839,1,1,0,0,0.792929,1.704828,0,0,0
840,0,1,0,0,0.902661,2.725012,0,0,0
841,1,1,0,0,1.066241,2.372339,0,0,0
842,1,1,0,0,1.264257,1.097312,0,0,0
843,1,1,0,0,1.016042,3.0,0,0,0
844,1,1,0,0,0.977929,1.0,0,0,0
845,1,1,0,0,0.0,1.068196,0,1,0
846,1,1,0,0,0.371452,1.0,0,1,0
847,1,1,0,0,0.0,1.411685,0,0,0
848,1,1,0,0,0.815509,2.752318,0,0,0
849,1,1,0,0,0.94224,3.0,0,1,0
850,1,1,0,0,0.753782,2.737571,0,1,0
851,1,1,0,0,0.178976,2.973504,0,1,0
852,1,1,0,0,2.0,2.608055,0,0,0
853,1,1,0,0,0.553305,2.625942,0,0,0
854,1,1,0,0,2.878414,1.411808,0,0,0
855,1,1,0,0,2.876696,1.095223,0,0,0
856,1,1,0,0,1.779646,3.30846,0,0,0
857,1,1,0,0,2.044165,3.821461,0,0,0
858,1,1,0,0,0.228753,3.0,0,0,0
859,1,1,0,0,1.955992,2.658639,0,0,0
860,1,1,0,0,0.104451,1.0,0,0,0
861,1,1,0,0,1.0,3.0,0,0,0
862,1,1,0,0,0.095517,2.339614,0,1,0
863,1,1,0,0,1.658698,1.713762,0,0,0
864,1,1,0,0,2.0,2.743277,0,0,0
865,1,0,1,0,0.915699,1.0,0,0,2
866,1,0,1,0,0.80873,1.0,0,0,2
867,1,1,0,0,0.843709,3.051804,0,0,0
868,1,1,0,0,0.989335,3.245148,0,0,0
869,1,1,0,0,0.997731,3.563744,0,0,0
870,1,0,1,0,0.827506,3.0,0,0,2
871,1,1,0,0,1.554817,3.829101,0,0,0
872,1,1,0,0,2.834373,3.058539,0,0,0
873,1,1,0,0,0.148628,3.196043,0,0,0
874,1,1,0,0,1.072662,3.0,0,0,0
875,1,1,0,0,1.17116,3.0,0,0,0
876,1,1,0,0,0.921268,3.0,0,0,0
877,1,1,0,0,2.685087,1.391778,0,0,0
878,1,1,0,0,0.121585,3.0,0,0,0
879,1,1,0,0,0.334579,3.0,0,0,0
880,1,1,0,0,0.261274,1.13715,0,0,0
881,1,1,0,0,0.943058,3.322522,0,0,0
882,1,1,0,0,0.779686,3.269088,0,0,0
883,1,0,1,0,0.997202,2.938135,0,0,2
884,1,0,1,0,1.0,1.259628,0,0,2
885,1,1,0,0,0.0,2.965494,0,0,0
886,1,1,0,0,0.271174,3.0,0,0,0
887,1,1,0,0,0.0,2.845307,0,0,0
888,1,1,0,0,1.061743,1.0,0,0,0
889,1,1,0,0,2.269058,1.0,0,0,0
890,1,0,1,0,0.780117,1.0,0,0,2
891,1,1,0,0,0.480206,3.0,0,0,0
892,1,1,0,0,0.170452,3.0,0,0,0
893,1,1,0,0,2.762711,1.0,0,0,0
894,1,1,0,0,2.7243,3.095663,0,0,0
895,1,1,0,0,2.060415,3.483449,0,0,0
896,1,1,0,0,1.502711,3.0,0,0,0
897,1,0,1,0,1.179592,3.156309,0,0,2
898,1,0,1,0,1.123931,3.728377,0,0,2
899,1,1,0,0,0.925118,3.0,0,0,0
900,1,1,0,0,0.092344,3.0,0,0,0
901,1,1,0,0,2.0,3.60885,0,0,0
902,1,1,0,0,1.206121,3.370362,0,0,0
903,1,1,0,0,2.172546,3.0,0,0,0
904,1,1,0,0,0.874643,2.39007,0,0,0
905,1,1,0,0,1.153775,1.101404,0,0,0
906,1,1,0,0,2.931527,2.756405,0,0,0
907,1,1,0,0,1.0,3.0,0,0,0
908,1,1,0,0,1.0,3.0,0,0,0
909,1,1,0,0,1.609801,3.0,0,0,0
910,1,1,0,0,1.107543,3.054899,0,0,0
911,1,1,0,0,0.783963,3.118013,0,0,0
912,1,1,0,0,1.078074,3.0,0,0,0
913,1,1,0,0,1.305633,3.335876,0,0,0
914,1,1,0,0,0.784216,3.0,0,0,0
915,1,1,0,0,0.0,3.0,0,0,0
916,1,1,0,0,0.998039,3.205009,0,0,0
917,1,1,0,0,0.132629,3.648194,0,0,0
918,1,1,0,0,0.320209,1.865238,0,1,0
919,1,1,0,0,0.085388,2.118153,0,1,0
920,1,1,0,0,0.110887,1.0,0,1,0
921,1,1,0,0,1.91108,2.961113,0,0,0
922,1,1,0,0,0.167125,2.400943,0,0,0
923,1,1,0,0,0.417724,2.870005,0,0,0
924,1,1,0,0,0.577063,3.0,0,0,0
925,1,0,1,0,1.0,1.0,0,0,2
926,1,1,0,0,0.94893,1.0,0,1,0
927,1,1,0,0,0.732276,1.0,0,1,0
928,1,1,0,0,0.529259,1.030416,0,0,0
929,1,1,0,0,0.539952,2.696051,0,1,0
930,1,1,0,0,0.303722,2.762883,0,1,0
931,1,1,0,0,0.663896,2.401341,0,1,0
932,1,1,0,0,0.547515,2.298612,0,1,0
933,1,1,0,0,1.504003,3.618722,0,0,0
934,1,1,0,0,0.588673,2.562895,0,0,0
935,1,1,0,0,0.675983,2.849848,0,0,0
936,1,1,0,0,0.045651,2.805436,0,0,0
937,1,1,0,0,2.0,3.715148,0,0,0
938,1,1,0,0,2.094542,3.788602,0,0,0
939,1,1,0,0,1.376229,1.893811,0,0,0
940,1,1,0,0,0.0,1.010319,0,0,0
941,1,1,0,0,1.0,3.0,0,0,0
942,1,1,0,0,1.0,3.0,0,0,0
943,1,1,0,0,0.445238,2.669766,0,1,0
944,1,1,0,0,0.540397,1.322087,0,0,0
945,1,1,0,0,0.813917,2.041558,0,0,0
946,1,1,0,0,1.66639,3.0,0,0,0
947,1,1,0,0,2.0,2.468421,0,0,0
948,1,1,0,0,1.0,2.110937,0,0,0
949,1,1,0,0,0.090147,3.071028,0,0,0
950,1,1,0,0,0.0,3.292956,0,0,0
951,1,1,0,0,2.936551,3.0,0,0,0
952,1,1,0,0,0.451078,3.0,0,0,0
953,0,1,0,0,1.863258,2.283673,0,0,0
954,1,1,0,0,0.8554,1.124977,0,0,0
955,1,1,0,0,0.87599,2.9948,0,0,0
956,0,1,0,0,2.177243,3.0,0,0,0
957,0,1,0,0,0.32896,2.983297,0,0,0
958,1,1,0,0,2.242754,3.0,0,0,0
959,0,1,0,0,1.417035,3.0,0,0,0
960,0,1,0,0,0.095389,3.0,0,0,0
961,1,1,0,0,0.0,1.890213,0,0,0
962,1,1,0,0,0.0,1.888067,0,0,0
963,1,1,0,0,0.973114,3.0,0,0,0
964,1,1,0,0,0.807076,2.256119,0,0,0
965,1,1,0,0,0.0,3.0,0,0,0
966,1,1,0,0,0.80989,2.6648,0,0,0
967,1,1,0,0,0.55181,3.0,0,0,0
968,1,1,0,0,0.155579,3.0,0,0,0
969,1,1,0,0,0.0,3.0,0,0,0
970,1,1,0,0,1.727114,3.0,0,0,0
971,0,1,0,0,1.0,2.547086,0,0,0
972,1,1,0,0,0.362441,2.812283,0,0,0
973,1,1,0,0,1.80674,2.278652,0,0,0
974,1,1,0,0,0.0,1.240046,0,0,0
975,1,1,0,0,0.0,3.0,0,0,0
976,1,1,0,0,0.0,3.0,0,0,0
977,1,1,0,0,0.503122,3.0,0,0,0
978,1,1,0,0,0.891205,1.660768,0,0,0
979,1,1,0,0,0.0,2.597608,0,0,0
980,1,1,0,0,1.96582,3.0,0,0,0
981,1,1,0,0,0.826609,3.0,0,0,0
982,1,1,0,0,1.0,2.044035,0,0,0
983,1,1,0,0,0.0,3.0,0,0,0
984,1,1,0,0,2.70825,2.038373,0,0,0
985,0,1,0,0,0.262171,1.0,0,0,0
986,0,1,0,0,0.740633,1.0,0,0,0
987,0,1,0,0,0.274838,1.474836,0,0,0
988,0,1,0,0,0.934286,3.986652,0,0,0
989,1,1,0,0,0.279375,2.720642,0,0,0
990,1,1,0,0,0.880584,1.976744,0,0,0
991,1,1,0,0,0.0,3.0,0,0,0
992,1,1,0,0,0.0,3.0,0,0,0
993,1,1,0,0,1.747347,2.679724,0,0,0
994,1,1,0,0,0.662831,1.619796,0,0,0
995,1,1,0,0,1.427233,2.59257,0,0,0
996,1,1,0,0,1.0,1.546665,0,0,0
997,0,1,0,0,1.0,3.339914,0,0,0
998,0,1,0,0,1.0,3.884861,0,0,0
999,0,1,0,0,0.0,2.358298,0,0,0
1000,1,1,0,0,1.0,3.0,0,0,0
1001,1,1,0,0,1.0,3.0,0,0,0
1002,1,1,0,0,1.876051,1.0,0,0,0
1003,1,1,0,0,0.390877,1.802305,0,0,0
1004,1,1,0,0,1.072318,3.0,0,0,0
1005,1,1,0,0,2.148738,2.7976,0,0,0
1006,1,1,0,0,2.690756,2.627173,0,0,0
1007,1,1,0,0,1.472172,1.0,0,0,0
1008,0,1,0,0,2.358699,1.032887,0,0,0
1009,0,1,0,0,1.997529,3.014808,0,0,0
1010,1,1,0,0,1.0,2.271734,0,0,0
1011,1,1,0,0,2.164472,2.122545,0,0,0
1012,0,1,0,0,1.73234,3.0,0,0,0
1013,0,1,0,0,1.655488,3.0,0,0,0
1014,1,1,0,0,1.729987,2.902766,0,0,0
1015,1,1,0,0,1.516147,1.0,0,0,0
1016,1,1,0,0,2.21722,2.687502,0,0,0
1017,1,1,0,0,1.293396,3.0,0,0,0
1018,0,1,0,0,1.271667,3.0,0,0,0
1019,1,1,0,0,0.893362,1.178708,0,0,0
1020,1,1,0,0,1.0,3.0,0,0,0
1021,1,1,0,0,0.0,2.279546,0,0,0
1022,1,1,0,0,0.0,2.677693,0,0,0
1023,0,1,0,0,0.678943,3.53009,0,0,0
1024,1,1,0,0,0.285889,3.0,0,0,0
1025,1,1,0,0,0.674348,1.835543,0,0,0
1026,1,1,0,0,1.0,2.853676,0,0,0
1027,1,1,0,0,0.706287,2.337035,0,0,0
1028,1,1,0,0,0.0,1.631184,0,0,0
1029,1,1,0,0,2.721646,3.0,0,0,0
1030,1,1,0,0,1.0,1.005391,0,0,0
1031,1,1,0,0,0.022958,3.250467,0,0,0
1032,1,1,0,0,2.939733,3.0,0,0,0
1033,0,1,0,0,0.986414,2.948721,0,0,0
1034,1,1,0,0,0.340915,1.80993,0,0,0
1035,0,1,0,0,0.954459,3.0,0,0,0
1036,1,1,0,0,3.0,3.0,0,0,0
1037,0,1,0,0,1.916751,3.0,0,0,0
1038,1,1,0,0,0.0,1.94671,0,0,0
1039,1,1,0,0,0.189957,2.9796,0,0,0
1040,1,1,0,0,0.0,2.994198,0,0,0
1041,1,1,0,0,0.0,3.0,0,0,0
1042,1,1,0,0,0.0,1.894384,0,0,0
1043,1,1,0,0,0.451009,3.0,0,0,0
1044,1,1,0,0,1.82434,3.0,0,0,0
1045,0,1,0,0,1.0,2.579291,0,0,0
1046,0,1,0,0,1.856119,3.0,0,0,0
1047,1,1,0,0,0.92635,2.449067,0,0,0
1048,1,1,0,0,0.0,3.0,0,0,0
1049,1,1,0,0,1.416076,3.0,0,0,0
1050,1,1,0,0,1.98448,3.0,0,0,0
1051,1,1,0,0,0.525002,1.532833,0,0,0
1052,1,1,0,0,2.0,3.0,0,0,0
1053,1,1,0,0,1.661556,2.961706,0,0,0
1054,1,1,0,0,0.0,3.0,0,0,0
1055,1,1,0,0,1.39016,1.152521,0,0,0
1056,0,1,0,0,0.0,1.104642,0,0,0
1057,0,1,0,0,0.072117,1.0,0,0,0
1058,1,1,0,0,0.887923,1.729553,0,0,0
1059,1,1,0,0,0.0,3.0,0,0,0
1060,1,1,0,0,0.702538,1.346987,0,0,0
1061,1,1,0,0,1.0,1.977221,0,0,0
1062,0,1,0,0,0.702839,2.443812,0,0,0
1063,0,1,0,0,0.0,2.491315,0,0,0
1064,0,1,0,0,1.0,2.843319,0,0,0
1065,0,1,0,0,0.110174,2.157164,0,0,0
1066,1,1,0,0,0.0,3.0,0,0,0
1067,1,1,0,0,1.736538,2.601675,0,0,0
1068,1,1,0,0,2.300282,1.171027,0,0,0
1069,1,1,0,0,0.0,2.77684,0,0,0
1070,0,1,0,0,2.892922,3.362758,0,0,0
1071,1,1,0,0,1.0,1.672706,0,0,0
1072,1,1,0,0,0.970661,2.714115,0,0,0
1073,1,1,0,0,0.00705,2.521546,0,0,0
1074,1,1,0,0,1.931829,1.338033,0,0,0
1075,1,1,0,0,2.040816,3.0,0,0,0
1076,1,1,0,0,1.210736,3.0,0,0,0
1077,1,1,0,0,1.0,3.0,0,0,0
1078,1,1,0,0,0.033745,3.0,0,0,0
1079,1,1,0,0,0.0,1.081805,0,0,0
1080,0,1,0,0,1.403872,3.087119,0,0,0
1081,1,1,0,0,0.503279,2.909117,0,0,0
1082,1,1,0,0,0.458237,3.0,0,0,0
1083,1,1,0,0,0.675262,1.466393,0,0,0
1084,1,1,0,0,0.467562,1.471053,0,0,0
1085,1,1,0,0,0.752926,2.983201,0,0,0
1086,1,1,0,0,2.847761,3.0,0,0,0
1087,1,1,0,0,2.536615,2.783336,0,0,0
1088,1,1,0,0,1.0,1.863012,0,0,0
1089,1,1,0,0,0.408023,3.053598,0,0,0
1090,1,1,0,0,0.889963,3.165837,0,0,0
1091,1,1,0,0,2.270555,3.0,0,0,0
1092,1,1,0,0,0.146919,3.0,0,0,0
1093,0,1,0,0,1.276552,2.741413,0,0,0
1094,1,1,0,0,0.885633,1.058123,0,0,0
1095,1,1,0,0,0.935217,2.997414,0,0,0
1096,0,1,0,0,1.582428,1.672958,0,0,0
1097,0,1,0,0,0.281876,1.680838,0,0,0
1098,1,1,0,0,2.405963,3.0,0,0,0
1099,0,1,0,0,1.145752,3.070386,0,0,0
1100,0,1,0,0,1.926381,3.0,0,0,0
1101,1,1,0,0,0.0,2.608416,0,0,0
1102,1,1,0,0,0.17048,1.599464,0,0,0
1103,1,1,0,0,0.463891,2.815255,0,0,0
1104,1,1,0,0,0.788659,2.395785,0,0,0
1105,1,1,0,0,0.0,3.0,0,0,0
1106,1,1,0,0,0.868721,2.844138,0,0,0
1107,1,1,0,0,0.897702,3.0,0,0,0
1108,1,1,0,0,0.047738,3.0,0,0,0
1109,1,1,0,0,0.926201,3.0,0,0,0
1110,1,1,0,0,0.855973,3.0,0,0,0
1111,1,1,0,0,1.0,2.716106,0,0,0
1112,0,1,0,0,0.112383,1.402771,0,0,0
1113,1,1,0,0,1.28775,2.865657,0,0,0
1114,1,1,0,0,0.0,1.836226,0,0,0
1115,1,1,0,0,0.325534,2.884848,0,0,0
1116,1,1,0,0,0.0,2.375026,0,0,0
1117,1,1,0,0,0.501417,2.9774,0,0,0
1118,1,1,0,0,1.170823,2.693646,0,0,0
1119,1,1,0,0,0.038809,2.832018,0,0,0
1120,1,1,0,0,1.974656,3.0,0,0,0
1121,1,1,0,0,0.527341,3.0,0,0,0
1122,0,1,0,0,1.452467,2.270163,0,0,0
1123,1,1,0,0,0.0,3.0,0,0,0
1124,1,1,0,0,2.627515,2.646717,0,0,0
1125,0,1,0,0,0.02112,1.0,0,0,0
1126,0,1,0,0,0.546402,1.193729,0,0,0
1127,0,1,0,0,0.324676,1.477581,0,0,0
1128,0,1,0,0,1.103088,3.209508,0,0,0
1129,1,1,0,0,0.432973,2.756622,0,0,0
1130,1,1,0,0,0.949976,2.658478,0,0,0
1131,1,1,0,0,0.0,3.0,0,0,0
1132,1,1,0,0,0.0,3.0,0,0,0
1133,1,1,0,0,0.935217,1.971472,0,0,0
1134,1,1,0,0,0.305422,1.818026,0,0,0
1135,1,1,0,0,1.327193,1.820779,0,0,0
1136,1,1,0,0,1.0,1.724887,0,0,0
1137,0,1,0,0,1.634134,3.129155,0,0,0
1138,0,1,0,0,1.32417,3.856434,0,0,0
1139,0,1,0,0,1.474937,2.753418,0,0,0
1140,0,1,0,0,1.0,3.0,0,0,0
1141,1,1,0,0,1.0,3.0,0,0,0
1142,1,1,0,0,1.910577,2.116195,0,0,0
1143,1,1,0,0,1.637368,2.049908,0,0,0
1144,1,1,0,0,1.04729,3.0,0,0,0
1145,1,1,0,0,2.805801,1.044628,0,0,0
1146,1,1,0,0,2.667739,2.98212,0,0,0
1147,1,1,0,0,1.060349,1.009426,0,0,0
1148,0,1,0,0,1.524405,2.667711,0,0,0
1149,0,1,0,0,2.274248,3.000974,0,0,0
1150,1,1,0,0,0.598438,2.698883,0,0,0
1151,1,1,0,0,1.600431,2.598079,0,0,0
1152,0,1,0,0,1.194519,3.0,0,0,0
1153,0,1,0,0,1.475772,2.837388,0,0,0
1154,1,1,0,0,1.442485,2.946063,0,0,0
1155,1,1,0,0,1.898889,1.0,0,0,0
1156,1,1,0,0,2.079709,1.873484,0,0,0
1157,1,1,0,0,0.932792,2.473911,0,0,0
1158,1,1,0,0,1.219827,3.0,0,0,0
1159,1,1,0,0,1.083572,1.79558,0,0,0
1160,1,1,0,0,1.030752,2.623079,0,0,0
1161,1,1,0,0,0.0,2.174968,0,0,0
1162,1,1,0,0,0.632164,2.676148,0,0,0
1163,0,1,0,0,0.932888,3.394788,0,0,0
1164,1,1,0,0,0.039207,3.0,0,0,0
1165,1,1,0,0,0.966973,2.137068,0,0,0
1166,1,1,0,0,1.0,2.937607,0,0,0
1167,1,1,0,0,0.604259,1.313403,0,0,0
1168,1,1,0,0,1.725931,3.0,0,0,0
1169,1,1,0,0,2.0,3.0,0,0,0
1170,1,1,0,0,2.0,3.0,0,0,0
1171,1,1,0,0,2.998981,2.113575,0,0,0
1172,1,1,0,0,0.0,2.092179,0,0,0
1173,1,1,0,0,0.0,1.0,0,0,0
1174,1,1,0,0,0.0,2.974204,0,0,0
1175,1,1,0,0,0.0,1.0,0,0,0
1176,1,1,0,0,0.292093,1.0,0,0,0
1177,1,1,0,0,1.309304,3.0,0,0,0
1178,1,1,0,0,1.172641,1.001633,0,0,0
1179,1,1,0,0,0.432813,1.2919,0,0,0
1180,1,1,0,0,2.230109,3.0,0,0,0
1181,1,1,0,0,0.0,3.0,0,0,0
1182,1,1,0,0,2.669179,3.0,0,0,0
1183,1,1,0,0,3.0,3.0,0,0,0
1184,1,1,0,0,1.280924,1.0,0,0,0
1185,1,1,0,0,1.02975,3.0,0,0,0
1186,1,1,0,0,1.757724,3.0,0,0,0
1187,1,1,0,0,0.0,3.0,0,0,0
1188,1,1,0,0,0.967627,3.0,0,0,0
1189,1,1,0,0,1.71807,1.139317,0,0,0
1190,1,1,0,0,1.946907,2.029858,0,0,0
1191,1,1,0,0,0.0,3.0,0,0,0
1192,1,1,0,0,1.549693,3.0,0,0,0
1193,1,1,0,0,3.0,3.0,0,0,0
1194,1,1,0,0,2.698874,2.977543,0,0,0
1195,1,1,0,0,2.05252,1.476204,0,0,0
1196,1,1,0,0,2.232851,2.57038,0,0,0
1197,1,1,0,0,1.887012,2.879541,0,0,0
1198,1,1,0,0,0.354541,1.458507,0,0,0
1199,1,1,0,0,1.629432,1.105617,0,0,0
1200,1,1,0,0,0.0,3.0,0,0,0
1201,1,1,0,0,0.669278,3.0,0,0,0
1202,1,1,0,0,0.827502,1.0,0,0,0
1203,1,1,0,0,1.464204,3.0,0,0,0
1204,1,1,0,0,2.359339,3.0,0,0,0
1205,1,1,0,0,0.026142,1.0,0,0,0
1206,1,1,0,0,0.003938,3.0,0,0,0
1207,1,1,0,0,1.0,1.854536,0,0,0
1208,1,1,0,0,1.066101,3.0,0,0,0
1209,1,1,0,0,0.899864,3.0,0,0,0
1210,1,1,0,0,0.317363,3.0,0,0,0
1211,1,1,0,0,0.650235,3.0,0,0,0
1212,1,1,0,0,0.478134,3.0,0,0,0
1213,1,1,0,0,0.0,3.0,0,0,0
1214,1,1,0,0,1.0,1.08687,0,0,0
1215,1,1,0,0,1.0,1.25535,0,0,0
1216,1,1,0,0,0.0,2.870661,0,0,0
1217,1,1,0,0,0.0,1.482103,0,0,0
1218,1,1,0,0,1.0,3.0,0,0,0
1219,1,1,0,0,0.732186,3.0,0,0,0
1220,1,1,0,0,0.975187,3.0,0,0,0
1221,1,1,0,0,1.851404,1.81698,0,0,0
1222,1,1,0,0,1.88452,2.582591,0,0,0
1223,1,1,0,0,0.0,3.0,0,0,0
1224,1,1,0,0,0.0,3.0,0,0,0
1225,1,1,0,0,1.0,2.164839,0,0,0
1226,1,1,0,0,1.0,2.141839,0,0,0
1227,1,1,0,0,0.877295,2.877583,0,0,0
1228,1,1,0,0,1.186013,3.0,0,0,0
1229,1,1,0,0,0.344013,3.0,0,0,0
1230,1,1,0,0,0.388269,3.0,0,0,0
1231,1,1,0,0,1.0,3.0,0,0,0
1232,1,1,0,0,0.0,2.95833,0,0,0
1233,1,1,0,0,0.0,2.119826,0,0,0
1234,1,1,0,0,0.245003,3.0,0,0,0
1235,1,1,0,0,1.783858,3.0,0,0,0
1236,1,1,0,0,2.0,3.0,0,0,0
1237,1,1,0,0,1.813318,3.0,0,0,0
1238,1,1,0,0,2.00123,2.992606,0,0,0
1239,1,1,0,0,2.000561,2.050121,0,0,0
1240,1,1,0,0,0.0,1.923607,0,0,0
1241,1,1,0,0,0.005405,1.0,0,0,0
1242,1,1,0,0,0.0,2.27374,0,0,0
1243,1,1,0,0,0.248034,1.320768,0,0,0
1244,1,1,0,0,0.0,1.0,0,0,0
1245,1,1,0,0,0.654316,3.0,0,0,0
1246,1,1,0,0,1.814869,3.0,0,0,0
1247,1,1,0,0,0.632947,2.964024,0,0,0
1248,1,1,0,0,0.603638,3.0,0,0,0
1249,1,1,0,0,0.380633,2.933409,0,0,0
1250,1,1,0,0,0.851059,2.962004,0,0,0
1251,1,1,0,0,0.0,3.0,0,0,0
1252,1,1,0,0,1.296535,1.271624,0,0,0
1253,1,1,0,0,3.0,3.0,0,0,0
1254,1,1,0,0,3.0,3.0,0,0,0
1255,1,1,0,0,1.361533,1.00061,0,0,0
1256,1,1,0,0,1.103209,1.068443,0,0,0
1257,1,1,0,0,2.091862,3.0,0,0,0
1258,1,1,0,0,2.392047,3.0,0,0,0
1259,1,1,0,0,1.866023,3.0,0,0,0
1260,1,1,0,0,1.944728,3.0,0,0,0
1261,1,1,0,0,0.0,3.0,0,0,0
1262,1,1,0,0,0.455216,3.0,0,0,0
1263,1,1,0,0,0.973465,3.0,0,0,0
1264,1,1,0,0,0.180276,2.952821,0,0,0
1265,1,1,0,0,0.0,3.0,0,0,0
1266,1,1,0,0,1.991565,1.851088,0,0,0
1267,1,1,0,0,0.578074,2.119682,0,0,0
1268,1,1,0,0,0.0,2.970675,0,0,0
1269,1,1,0,0,0.0,2.966803,0,0,0
1270,1,1,0,0,1.45473,1.508685,0,0,0
1271,1,1,0,0,1.259613,2.209314,0,0,0
1272,1,1,0,0,2.491642,3.0,0,0,0
1273,1,1,0,0,2.429923,3.0,0,0,0
1274,1,1,0,0,2.710338,1.114564,0,0,0
1275,1,1,0,0,1.062011,2.036794,0,0,0
1276,1,1,0,0,2.08515,2.988539,0,0,0
1277,1,1,0,0,1.091474,1.630506,0,0,0
1278,1,1,0,0,0.946461,1.0,0,0,0
1279,1,1,0,0,0.288032,1.0,0,0,0
1280,1,1,0,0,0.0,2.977999,0,0,0
1281,1,1,0,0,0.0,3.0,0,0,0
1282,1,1,0,0,1.252472,2.644692,0,0,0
1283,1,1,0,0,1.454129,2.733077,0,0,0
1284,1,1,0,0,0.876101,1.0,0,0,0
1285,1,1,0,0,0.852446,1.0,0,0,0
1286,1,1,0,0,0.067491,3.0,0,0,0
1287,1,1,0,0,1.579431,3.0,0,0,0
1288,1,1,0,0,0.0,1.0,0,0,0
1289,1,1,0,0,0.0,1.0,0,0,0
1290,1,1,0,0,1.0,2.427137,0,0,0
1291,1,1,0,0,0.788585,3.0,0,0,0
1292,1,1,0,0,0.130417,3.0,0,0,0
1293,1,1,0,0,0.0,3.0,0,0,0
1294,1,1,0,0,0.295178,3.0,0,0,0
1295,1,1,0,0,0.0,3.0,0,0,0
1296,1,1,0,0,0.268801,3.0,0,0,0
1297,1,1,0,0,0.349371,3.0,0,0,0
1298,1,1,0,0,1.0,1.867836,0,0,0
1299,1,1,0,0,1.0,1.548407,0,0,0
1300,1,1,0,0,0.0,2.937989,0,0,0
1301,1,1,0,0,0.631565,3.0,0,0,0
1302,1,1,0,0,1.0,3.0,0,0,0
1303,1,1,0,0,1.0,3.0,0,0,0
1304,1,1,0,0,1.0,3.0,0,0,0
1305,1,1,0,0,0.767013,3.0,0,0,0
1306,1,1,0,0,1.967973,1.237454,0,0,0
1307,1,1,0,0,1.903338,1.169173,0,0,0
1308,1,1,0,0,0.0,2.391753,0,0,0
1309,1,1,0,0,1.73209,3.0,0,0,0
1310,1,1,0,0,0.0,3.0,0,0,0
1311,1,1,0,0,0.0,3.0,0,0,0
1312,1,1,0,0,1.0,2.475444,0,0,0
1313,1,1,0,0,1.0,2.478794,0,0,0
1314,1,1,0,0,1.234483,2.070033,0,0,0
1315,1,1,0,0,1.771754,2.282392,0,0,0
1316,1,1,0,0,1.352663,3.0,0,0,0
1317,1,1,0,0,0.9529,3.0,0,0,0
1318,1,1,0,0,1.482411,1.049534,0,0,0
1319,1,1,0,0,0.011519,3.0,0,0,0
1320,1,1,0,0,1.020525,3.0,0,0,0
1321,1,1,0,0,1.0,3.0,0,0,0
1322,1,1,0,0,0.0,1.66338,0,0,0
1323,1,1,0,0,0.0,1.672751,0,0,0
1324,1,1,0,0,1.006884,3.0,0,0,0
1325,1,1,0,0,1.000227,3.0,0,0,0
1326,1,1,0,0,2.21939,3.0,0,0,0
1327,1,1,0,0,2.891986,3.0,0,0,0
1328,1,1,0,0,1.890907,3.0,0,0,0
1329,1,1,0,0,1.796779,3.0,0,0,0
1330,1,1,0,0,1.781589,3.0,0,0,0
1331,1,1,0,0,1.166064,3.0,0,0,0
1332,1,1,0,0,2.0,3.0,0,0,0
1333,1,1,0,0,2.113992,1.734762,0,0,0
1334,1,1,0,0,2.999918,1.92822,0,0,0
1335,1,1,0,0,2.165429,2.475228,0,0,0
1336,1,1,0,0,0.0,2.093831,0,0,0
1337,1,1,0,0,0.0,1.231915,0,0,0
1338,1,1,0,0,0.0,1.0,0,0,0
1339,1,1,0,0,0.0,1.374791,0,0,0
1340,1,1,0,0,1.048507,1.326982,0,0,0
1341,1,1,0,0,0.990642,1.317884,0,0,0
1342,1,1,0,0,0.0,2.977909,0,0,0
1343,1,1,0,0,0.0,1.355752,0,0,0
1344,1,1,0,0,0.249264,1.0,0,0,0
1345,1,1,0,0,0.742113,1.0,0,0,0
1346,1,1,0,0,0.244749,1.015488,0,0,0
1347,1,1,0,0,2.492402,2.986172,0,0,0
1348,1,1,0,0,2.236586,2.993623,0,0,0
1349,1,1,0,0,1.322558,1.001383,0,0,0
1350,1,1,0,0,1.751656,1.001542,0,0,0
1351,1,1,0,0,0.312254,2.590283,0,0,0
1352,1,1,0,0,0.035091,1.773916,0,0,0
1353,1,1,0,0,2.11137,2.989112,0,0,0
1354,1,1,0,0,0.782416,1.496776,0,0,0
1355,1,1,0,0,0.0,3.0,0,0,0
1356,1,1,0,0,1.335857,2.994046,0,0,0
1357,1,1,0,0,1.030199,3.0,0,0,0
1358,1,1,0,0,1.932386,3.0,0,0,0
1359,1,1,0,0,3.0,3.0,0,0,0
1360,1,1,0,0,3.0,3.0,0,0,0
1361,1,1,0,0,1.201403,1.000283,0,0,0
1362,1,1,0,0,1.269169,1.000414,0,0,0
1363,1,1,0,0,0.886448,3.0,0,0,0
1364,1,1,0,0,0.215187,3.0,0,0,0
1365,1,1,0,0,1.911096,3.0,0,0,0
1366,1,1,0,0,0.181753,3.0,0,0,0
1367,1,1,0,0,0.0,3.0,0,0,0
1368,1,1,0,0,0.0,3.0,0,0,0
1369,1,1,0,0,0.922739,3.0,0,0,0
1370,1,1,0,0,0.520989,3.0,0,0,0
1371,1,1,0,0,1.648883,1.135278,0,0,0
1372,1,1,0,0,0.359134,2.463113,0,0,0
1373,1,1,0,0,1.992719,1.782109,0,0,0
1374,1,1,0,0,1.52184,2.376374,0,0,0
1375,1,1,0,0,0.0,2.976098,0,0,0
1376,1,1,0,0,0.0,2.968098,0,0,0
1377,1,1,0,0,2.545707,1.792695,0,0,0
1378,1,1,0,0,2.787319,1.116401,0,0,0
1379,1,1,0,0,2.89118,3.0,0,0,0
1380,1,1,0,0,3.0,3.0,0,0,0
1381,1,1,0,0,2.819661,2.984523,0,0,0
1382,1,1,0,0,2.462269,2.978103,0,0,0
1383,1,1,0,0,2.352091,1.578751,0,0,0
1384,1,1,0,0,2.005286,1.874532,0,0,0
1385,1,1,0,0,2.230547,2.735706,0,0,0
1386,1,1,0,0,1.846666,1.014916,0,0,0
1387,1,1,0,0,2.052896,2.622055,0,0,0
1388,1,1,0,0,2.146778,2.806566,0,0,0
1389,1,1,0,0,0.128342,1.355354,0,0,0
1390,1,1,0,0,0.065264,1.478334,0,0,0
1391,1,1,0,0,1.666965,1.130751,0,0,0
1392,1,1,0,0,1.874662,1.099151,0,0,0
1393,1,1,0,0,0.0,3.0,0,0,0
1394,1,1,0,0,0.0,3.0,0,0,0
1395,1,1,0,0,0.413643,3.0,0,0,0
1396,1,1,0,0,0.884935,3.0,0,0,0
1397,1,1,0,0,0.057758,1.0,0,0,0
1398,1,1,0,0,0.389717,1.0,0,0,0
1399,1,1,0,0,0.571648,3.0,0,0,0
1400,1,1,0,0,1.20758,3.0,0,0,0
1401,1,1,0,0,2.64102,3.0,0,0,0
1402,1,1,0,0,2.614909,3.0,0,0,0
1403,1,1,0,0,0.402614,1.0,0,0,0
1404,1,1,0,0,0.011477,1.0,0,0,0
1405,1,1,0,0,0.001086,3.0,0,0,0
1406,1,1,0,0,0.00203,3.0,0,0,0
1407,1,1,0,0,0.98232,2.358455,0,0,0
1408,1,1,0,0,1.0,1.706551,0,0,0
1409,1,1,0,0,1.645654,3.0,0,0,0
1410,1,1,0,0,0.743005,3.0,0,0,0
1411,1,1,0,0,0.584793,3.0,0,0,0
1412,1,1,0,0,1.030526,3.0,0,0,0
1413,1,1,0,0,0.58216,3.0,0,0,0
1414,1,1,0,0,0.978815,3.0,0,0,0
1415,1,1,0,0,0.544564,3.0,0,0,0
1416,1,1,0,0,0.614466,3.0,0,0,0
1417,1,1,0,0,0.008368,3.0,0,0,0
1418,1,1,0,0,1.251665,3.0,0,0,0
1419,1,1,0,0,0.112454,3.0,0,0,0
1420,1,1,0,0,0.06275,3.0,0,0,0
1421,1,1,0,0,1.0,1.24884,0,0,0
1422,1,1,0,0,1.0,1.250548,0,0,0
1423,1,1,0,0,1.0,1.202179,0,0,0
1424,1,1,0,0,1.0,1.194815,0,0,0
1425,1,1,0,0,0.0,2.880817,0,0,0
1426,1,1,0,0,0.552511,2.918124,0,0,0
1427,1,1,0,0,0.022598,1.073421,0,0,0
1428,1,1,0,0,0.256323,1.416309,0,0,0
1429,1,1,0,0,1.0,3.0,0,0,0
1430,1,1,0,0,0.903369,3.0,0,0,0
1431,1,1,0,0,0.891444,2.18162,0,0,0
1432,1,1,0,0,0.917563,2.152733,0,0,0
1433,1,1,0,0,0.743593,3.0,0,0,0
1434,1,1,0,0,0.987591,3.0,0,0,0
1435,1,1,0,0,1.983265,1.046144,0,0,0
1436,1,1,0,0,1.649299,1.974233,0,0,0
1437,1,1,0,0,0.120165,2.880794,0,0,0
1438,1,1,0,0,1.350001,2.765213,0,0,0
1439,1,1,0,0,0.0,2.967089,0,0,0
1440,1,1,0,0,0.0,3.0,0,0,0
1441,1,1,0,0,0.0,3.0,0,0,0
1442,1,1,0,0,0.0,3.0,0,0,0
1443,1,1,0,0,0.0,3.0,0,0,0
1444,1,1,0,0,1.0,2.37985,0,0,0
1445,1,1,0,0,1.0,2.655265,0,0,0
1446,1,1,0,0,1.0,1.941307,0,0,0
1447,1,1,0,0,1.0,1.709546,0,0,0
1448,1,1,0,0,1.144876,2.883984,0,0,0
1449,1,1,0,0,1.00183,2.935381,0,0,0
1450,1,1,0,0,1.492967,3.0,0,0,0
1451,1,1,0,0,1.17177,3.0,0,0,0
1452,1,1,0,0,0.104707,3.0,0,0,0
1453,1,1,0,0,0.458981,3.0,0,0,0
1454,1,1,0,0,0.322013,3.0,0,0,0
1455,1,1,0,0,0.56931,3.0,0,0,0
1456,1,1,0,0,1.02569,3.0,0,0,0
1457,1,1,0,0,0.692123,3.0,0,0,0
1458,1,1,0,0,0.981686,2.961192,0,0,0
1459,1,1,0,0,0.0,2.973476,0,0,0
1460,1,1,0,0,0.0,2.392811,0,0,0
1461,1,1,0,0,0.0,1.293342,0,0,0
1462,1,1,0,0,0.133398,2.930044,0,0,0
1463,1,1,0,0,0.192559,3.0,0,0,0
1464,1,1,0,0,2.2405,3.0,0,0,0
1465,1,1,0,0,1.605983,3.0,0,0,0
1466,1,1,0,0,0.0,3.0,0,0,0
1467,1,1,0,0,1.541072,3.0,0,0,0
1468,1,1,0,0,1.976582,3.985442,0,0,0
1469,1,1,0,0,1.989316,2.129909,0,0,0
1470,1,1,0,0,1.94984,3.0,0,0,0
1471,1,1,0,0,0.793262,3.0,0,0,0
1472,0,1,0,0,0.68183,3.0,0,0,0
1473,0,1,0,0,1.097905,3.0,0,0,0
1474,1,1,0,0,0.0,3.0,0,0,0
1475,1,1,0,0,0.0,3.0,0,0,0
1476,1,1,0,0,0.691369,3.0,0,0,0
1477,1,1,0,0,1.320065,3.0,0,0,0
1478,1,1,0,0,1.079524,3.0,1,0,0
1479,1,1,0,0,0.901924,3.0,1,0,0
1480,1,1,0,0,1.596576,3.0,0,0,0
1481,1,1,0,0,1.097983,3.0,0,0,0
1482,1,1,0,0,0.356288,2.831771,0,0,0
1483,1,1,0,0,0.245354,1.0,0,0,0
1484,1,1,0,0,0.835271,2.595126,0,0,0
1485,1,1,0,0,1.025438,2.52751,0,0,0
1486,1,1,0,0,1.543386,2.120936,0,0,0
1487,1,1,0,0,0.0,1.468948,0,0,0
1488,1,1,0,0,0.0,3.0,0,0,0
1489,1,1,0,0,1.230219,3.0,0,0,0
1490,1,1,0,0,1.99975,3.990925,0,0,0
1491,1,1,0,0,1.999886,2.834253,0,0,0
1492,1,1,0,0,0.906843,3.0,0,0,0
1493,1,1,0,0,1.066169,3.0,0,0,0
1494,1,1,0,0,0.368026,3.0,0,0,0
1495,1,1,0,0,0.592607,3.0,0,0,0
1496,1,1,0,0,1.399183,3.0,0,0,0
1497,1,1,0,0,0.966617,3.0,0,0,0
1498,1,1,0,0,2.0,3.0,0,0,0
1499,1,1,0,0,1.110215,3.0,0,0,0
1500,1,1,0,0,0.428173,3.0,0,0,0
1501,1,1,0,0,0.614959,3.0,0,0,0
1502,1,1,0,0,1.818052,3.0,0,0,0
1503,1,1,0,0,1.593183,3.0,0,0,0
1504,1,1,0,0,1.628637,3.734323,0,0,0
1505,1,1,0,0,1.746583,2.049565,0,0,0
1506,1,1,0,0,0.348839,2.272214,0,0,0
1507,1,1,0,0,0.428259,2.218285,0,0,0
1508,1,1,0,0,1.19102,1.418833,0,0,0
1509,1,1,0,0,0.0,1.109956,0,0,0
1510,1,1,0,0,0.0,3.0,0,0,0
1511,1,1,0,0,0.485322,3.0,0,0,0
1512,1,1,0,0,1.121038,3.0,0,0,0
1513,1,1,0,0,1.553734,3.0,0,0,0
1514,1,1,0,0,0.668963,3.914454,0,0,0
1515,1,1,0,0,0.908981,3.169089,0,0,0
1516,1,1,0,0,1.982379,2.419656,0,0,0
1517,1,1,0,0,0.358709,2.175432,0,0,0
1518,1,1,0,0,1.847802,3.0,0,0,0
1519,1,1,0,0,1.058378,3.0,0,0,0
1520,1,1,0,0,0.838739,3.0,0,0,0
1521,1,1,0,0,0.093418,3.0,0,0,0
1522,1,1,0,0,0.712726,3.0,0,0,0
1523,1,1,0,0,0.979306,3.0,0,0,0
1524,1,1,0,0,0.598655,3.0,0,0,0
1525,1,1,0,0,1.045107,3.0,0,0,0
1526,1,1,0,0,1.266866,3.0,0,0,0
1527,1,1,0,0,1.420675,3.0,0,0,0
1528,1,1,0,0,0.0,3.0,0,0,0
1529,1,1,0,0,0.0,3.0,0,0,0
1530,1,1,0,0,1.208142,3.0,0,0,0
1531,1,1,0,0,0.684487,3.0,0,0,0
1532,1,1,0,0,1.304291,2.806298,0,0,0
1533,1,1,0,0,1.804157,3.0,0,0,0
1534,1,1,0,0,1.096556,3.0,0,0,0
1535,1,1,0,0,1.07672,3.0,0,0,0
1536,1,1,0,0,0.946763,3.0,1,0,0
1537,1,1,0,0,0.849811,3.0,1,0,0
1538,1,1,0,0,1.556709,3.0,0,0,0
1539,1,1,0,0,1.360994,3.0,0,0,0
1540,1,1,0,0,1.31257,3.0,0,0,0
1541,1,1,0,0,1.144683,3.0,0,0,0
1542,1,1,0,0,0.656548,2.987652,0,0,0
1543,1,1,0,0,0.919388,2.842848,0,0,0
1544,1,1,0,0,0.11243,1.134321,0,0,0
1545,1,1,0,0,1.622055,1.924168,0,0,0
1546,1,1,0,0,0.992253,2.701689,0,0,0
1547,1,1,0,0,0.854957,2.992903,0,0,0
1548,1,1,0,0,1.299469,2.658837,0,0,0
1549,1,1,0,0,1.583832,2.80742,0,0,0
1550,1,1,0,0,0.236168,1.834472,0,0,0
1551,1,1,0,0,1.699181,2.123138,0,0,0
1552,1,1,0,0,0.218356,1.265463,0,0,0
1553,1,1,0,0,0.174475,1.340361,0,0,0
1554,1,1,0,0,0.0,3.0,0,0,0
1555,1,1,0,0,0.0,3.0,0,0,0
1556,1,1,0,0,1.958694,3.989492,0,0,0
1557,1,1,0,0,1.981154,2.650088,0,0,0
1558,1,1,0,0,1.05545,3.0,0,0,0
1559,1,1,0,0,1.196368,3.0,0,0,0
1560,1,1,0,0,0.202029,3.0,0,0,0
1561,1,1,0,0,0.325313,3.0,0,0,0
1562,1,1,0,0,1.089061,3.0,0,0,0
1563,1,1,0,0,1.600536,3.0,0,0,0
1564,1,1,0,0,2.0,3.0,0,0,0
1565,1,1,0,0,1.866839,3.0,0,0,0
1566,1,1,0,0,0.582686,3.0,0,0,0
1567,1,1,0,0,0.554646,3.0,0,0,0
1568,1,1,0,0,1.859667,2.89292,0,0,0
1569,1,1,0,0,1.686229,2.938902,0,0,0
1570,1,1,0,0,0.94141,2.986637,0,0,0
1571,1,1,0,0,0.514225,2.701521,0,0,0
1572,1,1,0,0,0.145687,2.014671,0,0,0
1573,1,1,0,0,0.178856,1.971659,0,0,0
1574,1,1,0,0,0.182249,1.311797,0,0,0
1575,1,1,0,0,0.883171,1.262831,0,0,0
1576,1,1,0,0,0.0,3.0,0,0,0
1577,1,1,0,0,0.0,3.0,0,0,0
1578,1,1,0,0,1.453042,3.0,0,0,0
1579,1,1,0,0,1.543961,3.0,0,0,0
1580,1,1,0,0,1.330519,3.770379,0,0,0
1581,1,1,0,0,1.980401,2.87747,0,0,0
1582,1,1,0,0,1.985536,2.175153,0,0,0
1583,1,1,0,0,0.652736,2.13229,0,0,0
1584,1,1,0,0,1.857351,3.0,0,0,0
1585,1,1,0,0,1.113169,3.0,0,0,0
1586,1,1,0,0,0.800487,3.0,0,0,0
1587,1,1,0,0,1.034031,3.0,0,0,0
1588,1,1,0,0,0.704236,3.0,0,0,0
1589,1,1,0,0,0.897562,3.0,0,0,0
1590,1,1,0,0,0.766007,3.0,0,0,0
1591,1,1,0,0,0.955317,3.0,0,0,0
1592,1,1,0,0,1.079934,3.0,0,0,0
1593,1,1,0,0,1.211048,3.0,0,0,0
1594,1,1,0,0,0.0,3.0,0,0,0
1595,1,1,0,0,0.0,3.0,0,0,0
1596,1,1,0,0,0.982134,3.0,0,0,0
1597,1,1,0,0,0.706777,3.0,0,0,0
1598,1,1,0,0,1.356468,3.0,0,0,0
1599,1,1,0,0,1.664722,3.0,0,0,0
1600,1,1,0,0,1.076926,3.0,0,0,0
1601,1,1,0,0,1.076248,3.0,0,0,0
1602,1,1,0,0,0.941424,3.0,1,0,0
1603,1,1,0,0,0.923428,3.0,1,0,0
1604,1,1,0,0,1.333435,3.0,0,0,0
1605,1,1,0,0,1.590255,3.0,0,0,0
1606,1,1,0,0,0.863158,2.993634,0,0,0
1607,1,1,0,0,1.046878,2.999346,0,0,0
1608,1,1,0,0,0.477855,2.976211,0,0,0
1609,1,1,0,0,0.584272,2.842035,0,0,0
1610,1,1,0,0,0.206954,1.09749,0,0,0
1611,1,1,0,0,1.39302,1.91863,0,0,0
1612,1,1,0,0,0.769709,2.510135,0,0,0
1613,1,1,0,0,0.870056,2.65772,0,0,0
1614,1,1,0,0,1.284798,2.604998,0,0,0
1615,1,1,0,0,0.916478,2.567567,0,0,0
1616,1,1,0,0,1.930033,2.434347,0,0,0
1617,1,1,0,0,1.089891,1.845858,0,0,0
1618,1,1,0,0,0.210181,1.627555,0,0,0
1619,1,1,0,0,0.167943,1.569176,0,0,0
1620,1,1,0,0,0.0,3.0,0,0,0
1621,1,1,0,0,0.0,3.0,0,0,0
1622,1,1,0,0,1.246223,3.0,0,0,0
1623,1,1,0,0,1.386151,3.0,0,0,0
1624,1,1,0,0,1.996487,2.371658,0,0,0
1625,1,1,0,0,1.738267,2.378211,0,0,0
1626,1,1,0,0,1.621733,2.301129,0,0,0
1627,1,1,0,0,0.858554,2.454432,0,0,0
1628,1,1,0,0,0.94522,3.0,1,0,0
1629,1,1,0,0,0.987521,3.0,1,0,0
1630,1,1,0,0,0.994422,3.0,0,0,0
1631,1,1,0,0,0.597863,3.0,0,0,0
1632,1,1,0,0,0.393452,3.0,0,0,0
1633,1,1,0,0,0.371508,3.0,0,0,0
1634,1,1,0,0,0.693732,2.915921,0,0,0
1635,1,1,0,0,0.641954,2.992083,0,0,0
1636,1,1,0,0,1.689525,3.0,0,0,0
1637,1,1,0,0,1.112504,3.0,0,0,0
1638,1,1,0,0,1.392406,3.0,0,0,0
1639,1,1,0,0,0.976425,3.0,0,0,0
1640,1,1,0,0,1.52001,2.849347,0,0,0
1641,1,1,0,0,1.943743,3.0,0,0,0
1642,1,1,0,0,1.685369,3.0,0,0,0
1643,1,1,0,0,1.467863,3.0,0,0,0
1644,1,1,0,0,0.350717,3.0,0,0,0
1645,1,1,0,0,0.425621,3.0,0,0,0
1646,1,1,0,0,0.454944,3.0,0,0,0
1647,1,1,0,0,0.647632,3.0,0,0,0
1648,1,1,0,0,1.384607,3.0,0,0,0
1649,1,1,0,0,1.631912,3.0,0,0,0
1650,1,1,0,0,1.917383,3.0,0,0,0
1651,1,1,0,0,1.587406,2.954446,0,0,0
1652,1,1,0,0,1.860765,3.755976,0,0,0
1653,1,1,0,0,1.668961,2.902639,0,0,0
1654,1,1,0,0,1.979355,2.372705,0,0,0
1655,1,1,0,0,1.167856,2.100918,0,0,0
1656,1,1,0,0,0.79677,2.272801,0,0,0
1657,1,1,0,0,0.478595,2.692889,0,0,0
1658,1,1,0,0,0.932783,2.280545,0,0,0
1659,1,1,0,0,0.93732,2.675411,0,0,0
1660,1,1,0,0,1.00109,1.487674,0,0,0
1661,1,1,0,0,0.233056,1.02075,0,0,0
1662,1,1,0,0,0.165269,1.240424,0,0,0
1663,1,1,0,0,1.1293,1.154318,0,0,0
1664,1,1,0,0,0.0,3.0,0,0,0
1665,1,1,0,0,0.0,3.0,0,0,0
1666,1,1,0,0,0.1768,3.0,0,0,0
1667,1,1,0,0,0.665439,3.0,0,0,0
1668,1,1,0,0,1.32534,3.0,0,0,0
1669,1,1,0,0,1.281165,3.0,0,0,0
1670,1,1,0,0,1.501754,3.0,0,0,0
1671,1,1,0,0,1.352973,3.0,0,0,0
1672,1,1,0,0,0.482625,3.219347,0,0,0
1673,1,1,0,0,0.054238,3.656401,0,0,0
1674,1,1,0,0,1.15804,3.220181,0,0,0
1675,1,1,0,0,0.917014,2.850948,0,0,0
1676,1,1,0,0,1.928275,2.187145,0,0,0
1677,1,1,0,0,1.987296,2.415522,0,0,0
1678,1,1,0,0,1.181811,2.138375,0,0,0
1679,1,1,0,0,0.327418,1.077331,0,0,0
1680,1,1,0,0,1.485978,3.0,1,0,0
1681,1,1,0,0,1.392026,3.0,1,0,0
1682,1,1,0,0,1.63812,3.0,0,0,0
1683,1,1,0,0,1.144076,3.0,0,0,0
1684,1,1,0,0,0.882709,3.0,0,0,0
1685,1,1,0,0,1.04268,3.0,0,0,0
1686,1,1,0,0,0.565242,3.0,0,0,0
1687,1,1,0,0,0.992829,3.0,0,0,0
1688,1,1,0,0,0.763595,3.0,0,0,0
1689,1,1,0,0,0.839481,3.0,0,0,0
1690,1,1,0,0,1.003294,3.0,0,0,0
1691,1,1,0,0,1.217993,3.0,0,0,0
1692,1,1,0,0,0.131371,3.0,0,0,0
1693,1,1,0,0,0.852344,2.888193,0,0,0
1694,1,1,0,0,0.739881,3.0,0,0,0
1695,1,1,0,0,0.94676,3.0,0,0,0
1696,1,1,0,0,1.331526,3.0,0,0,0
1697,1,1,0,0,1.306476,3.0,0,0,0
1698,1,1,0,0,1.315045,3.0,0,0,0
1699,1,1,0,0,1.289421,3.0,0,0,0
1700,1,1,0,0,0.0,3.0,0,0,0
1701,1,1,0,0,0.0,3.0,0,0,0
1702,1,1,0,0,0.545919,3.0,0,0,0
1703,1,1,0,0,0.0,3.0,0,0,0
1704,1,1,0,0,1.243567,3.0,0,0,0
1705,1,1,0,0,1.159598,3.0,0,0,0
1706,1,1,0,0,0.690269,3.0,0,0,0
1707,1,1,0,0,0.689371,3.0,0,0,0
1708,1,1,0,0,1.170537,2.574108,0,0,0
1709,1,1,0,0,1.094839,2.740492,0,0,0
1710,1,1,0,0,1.48524,2.956422,0,0,0
1711,1,1,0,0,1.141708,2.749334,0,0,0
1712,1,1,0,0,1.089344,3.0,0,0,0
1713,1,1,0,0,0.925941,3.0,0,0,0
1714,1,1,0,0,0.886817,3.0,0,0,0
1715,1,1,0,0,1.018158,3.0,0,0,0
1716,1,1,0,0,0.992371,3.0,1,0,0
1717,1,1,0,0,0.883542,3.0,1,0,0
1718,1,1,0,0,0.797209,3.0,0,0,0
1719,1,1,0,0,0.902776,3.0,0,0,0
1720,1,1,0,0,1.592795,3.0,0,0,0
1721,1,1,0,0,1.376217,3.0,0,0,0
1722,1,1,0,0,1.538922,3.0,0,0,0
1723,1,1,0,0,1.522429,3.0,0,0,0
1724,1,1,0,0,1.016254,3.0,0,0,0
1725,1,1,0,0,1.055854,2.993856,0,0,0
1726,1,1,0,0,1.110868,3.0,0,0,0
1727,1,1,0,0,1.226019,3.0,0,0,0
1728,1,1,0,0,0.615298,2.993084,0,0,0
1729,1,1,0,0,0.6081,2.989791,0,0,0
1730,1,1,0,0,0.756277,2.920373,0,0,0
1731,1,1,0,0,0.822186,2.911568,0,0,0
1732,1,1,0,0,0.073065,1.134042,0,0,0
1733,1,1,0,0,0.216908,1.120102,0,0,0
1734,1,1,0,0,1.67036,2.040582,0,0,0
1735,1,1,0,0,1.977918,2.015675,0,0,0
1736,1,1,0,0,1.156024,2.711238,0,0,0
1737,1,1,0,0,0.975384,2.695396,0,0,0
1738,1,1,0,0,1.580263,2.996834,0,0,0
1739,1,1,0,0,1.082236,2.996444,0,0,0
1740,1,1,0,0,1.266739,2.894142,0,0,0
1741,1,1,0,0,1.280191,2.683061,0,0,0
1742,1,1,0,0,1.525384,2.806341,0,0,0
1743,1,1,0,0,1.194898,2.791366,0,0,0
1744,1,1,0,0,1.076729,1.703299,0,0,0
1745,1,1,0,0,0.503105,1.685134,0,0,0
1746,1,1,0,0,1.889937,2.269799,0,0,0
1747,1,1,0,0,0.958555,2.142328,0,0,0
1748,1,1,0,0,0.029603,1.437959,0,0,0
1749,1,1,0,0,0.233987,1.343117,0,0,0
1750,1,1,0,0,0.128548,1.213431,0,0,0
1751,1,1,0,0,0.181324,1.089048,0,0,0
1752,1,1,0,0,0.05093,3.0,0,0,0
1753,1,1,0,0,0.0,3.0,0,0,0
1754,1,1,0,0,1.990317,3.0,0,0,0
1755,1,1,0,0,1.995582,3.0,0,0,0
1756,1,1,0,0,0.0,3.0,0,0,0
1757,1,1,0,0,0.0,3.0,0,0,0
1758,1,1,0,0,0.210351,3.0,0,0,0
1759,1,1,0,0,0.143955,3.0,0,0,0
1760,1,1,0,0,0.462951,3.0,0,0,0
1761,1,1,0,0,1.92628,3.0,0,0,0
1762,1,1,0,0,0.0,3.0,0,0,0
1763,1,1,0,0,0.0,3.0,0,0,0
1764,1,1,0,0,1.742453,3.0,0,0,0
1765,1,1,0,0,0.194056,3.0,0,0,0
1766,1,1,0,0,0.390937,3.0,0,0,0
1767,1,1,0,0,0.750111,3.0,0,0,0
1768,1,1,0,0,1.465931,3.0,0,0,0
1769,1,1,0,0,0.38926,3.0,0,0,0
1770,1,1,0,0,0.0,3.0,0,0,0
1771,1,1,0,0,0.0,3.0,0,0,0
1772,1,1,0,0,0.24629,3.0,0,0,0
1773,1,1,0,0,0.0,3.0,0,0,0
1774,1,1,0,0,1.46361,3.0,0,0,0
1775,1,1,0,0,0.973864,3.0,0,0,0
1776,1,1,0,0,0.008127,3.0,0,0,0
1777,1,1,0,0,0.162083,3.0,0,0,0
1778,1,1,0,0,1.999773,3.0,0,0,0
1779,1,1,0,0,1.999897,3.0,0,0,0
1780,1,1,0,0,0.0,3.0,0,0,0
1781,1,1,0,0,0.0,3.0,0,0,0
1782,1,1,0,0,0.210351,3.0,0,0,0
1783,1,1,0,0,0.143955,3.0,0,0,0
1784,1,1,0,0,0.786828,3.0,0,0,0
1785,1,1,0,0,1.71836,3.0,0,0,0
1786,1,1,0,0,0.0,3.0,0,0,0
1787,1,1,0,0,0.0,3.0,0,0,0
1788,1,1,0,0,1.950374,3.0,0,0,0
1789,1,1,0,0,1.624981,3.0,0,0,0
1790,1,1,0,0,0.481555,3.0,0,0,0
1791,1,1,0,0,0.952725,3.0,0,0,0
1792,1,1,0,0,1.508897,3.0,0,0,0
1793,1,1,0,0,1.445148,3.0,0,0,0
1794,1,1,0,0,0.0,3.0,0,0,0
1795,1,1,0,0,0.0,3.0,0,0,0
1796,1,1,0,0,0.190061,3.0,0,0,0
1797,1,1,0,0,0.0,3.0,0,0,0
1798,1,1,0,0,1.206059,3.0,0,0,0
1799,1,1,0,0,1.419473,3.0,0,0,0
1800,1,1,0,0,0.026033,3.0,0,0,0
1801,1,1,0,0,0.112122,3.0,0,0,0
1802,1,1,0,0,0.0,3.0,0,0,0
1803,1,1,0,0,0.162279,3.0,0,0,0
1804,1,1,0,0,1.70464,3.0,0,0,0
1805,1,1,0,0,1.505775,3.0,0,0,0
1806,1,1,0,0,1.99507,3.0,0,0,0
1807,1,1,0,0,0.82666,3.0,0,0,0
1808,1,1,0,0,0.0,3.0,0,0,0
1809,1,1,0,0,0.0,3.0,0,0,0
1810,1,1,0,0,0.0,3.0,0,0,0
1811,1,1,0,0,0.0,3.0,0,0,0
1812,1,1,0,0,0.114698,3.0,0,0,0
1813,1,1,0,0,0.224482,3.0,0,0,0
1814,1,1,0,0,0.029728,3.0,0,0,0
1815,1,1,0,0,0.01586,3.0,0,0,0
1816,1,1,0,0,0.792553,3.0,0,0,0
1817,1,1,0,0,1.376534,3.0,0,0,0
1818,1,1,0,0,1.493018,3.0,0,0,0
1819,1,1,0,0,1.592494,3.0,0,0,0
1820,1,1,0,0,0.0,3.0,0,0,0
1821,1,1,0,0,0.0,3.0,0,0,0
1822,1,1,0,0,0.0,3.0,0,0,0
1823,1,1,0,0,0.001015,3.0,0,0,0
1824,1,1,0,0,1.672639,3.0,0,0,0
1825,1,1,0,0,1.577824,3.0,0,0,0
1826,1,1,0,0,0.334264,3.0,0,0,0
1827,1,1,0,0,0.165422,3.0,0,0,0
1828,1,1,0,0,1.546179,3.0,0,0,0
1829,1,1,0,0,0.64235,3.0,0,0,0
1830,1,1,0,0,1.247505,3.0,0,0,0
1831,1,1,0,0,1.68291,3.0,0,0,0
1832,1,1,0,0,1.464674,3.0,0,0,0
1833,1,1,0,0,1.413239,3.0,0,0,0
1834,1,1,0,0,0.336795,3.0,0,0,0
1835,1,1,0,0,0.36009,3.0,0,0,0
1836,1,1,0,0,0.0,3.0,0,0,0
1837,1,1,0,0,0.0,3.0,0,0,0
1838,1,1,0,0,0.0,3.0,0,0,0
1839,1,1,0,0,0.0,3.0,0,0,0
1840,1,1,0,0,0.027101,3.0,0,0,0
1841,1,1,0,0,0.07115,3.0,0,0,0
1842,1,1,0,0,0.0,3.0,0,0,0
1843,1,1,0,0,0.090917,3.0,0,0,0
1844,1,1,0,0,1.486289,3.0,0,0,0
1845,1,1,0,0,1.684582,3.0,0,0,0
1846,1,1,0,0,1.271651,3.0,0,0,0
1847,1,1,0,0,1.343875,3.0,0,0,0
1848,1,1,0,0,0.001297,3.0,0,0,0
1849,1,1,0,0,0.02006,3.0,0,0,0
1850,1,1,0,0,1.97073,3.0,0,0,0
1851,1,1,0,0,1.986646,3.0,0,0,0
1852,1,1,0,0,0.0,3.0,0,0,0
1853,1,1,0,0,0.0,3.0,0,0,0
1854,1,1,0,0,0.282063,3.0,0,0,0
1855,1,1,0,0,0.259427,3.0,0,0,0
1856,1,1,0,0,0.912334,3.0,0,0,0
1857,1,1,0,0,0.877067,3.0,0,0,0
1858,1,1,0,0,0.0,3.0,0,0,0
1859,1,1,0,0,0.0,3.0,0,0,0
1860,1,1,0,0,1.963379,3.0,0,0,0
1861,1,1,0,0,1.989171,3.0,0,0,0
1862,1,1,0,0,0.246831,3.0,0,0,0
1863,1,1,0,0,0.427905,3.0,0,0,0
1864,1,1,0,0,1.536555,3.0,0,0,0
1865,1,1,0,0,1.46046,3.0,0,0,0
1866,1,1,0,0,0.0,3.0,0,0,0
1867,1,1,0,0,0.0,3.0,0,0,0
1868,1,1,0,0,0.0,3.0,0,0,0
1869,1,1,0,0,0.0,3.0,0,0,0
1870,1,1,0,0,1.441791,3.0,0,0,0
1871,1,1,0,0,1.46782,3.0,0,0,0
1872,1,1,0,0,0.026033,3.0,0,0,0
1873,1,1,0,0,0.04525,3.0,0,0,0
1874,1,1,0,0,0.139159,3.0,0,0,0
1875,1,1,0,0,0.094851,3.0,0,0,0
1876,1,1,0,0,1.168368,3.0,0,0,0
1877,1,1,0,0,1.980738,3.0,0,0,0
1878,1,1,0,0,1.881761,3.0,0,0,0
1879,1,1,0,0,1.999631,3.0,0,0,0
1880,1,1,0,0,0.0,3.0,0,0,0
1881,1,1,0,0,0.0,3.0,0,0,0
1882,1,1,0,0,0.010183,3.0,0,0,0
1883,1,1,0,0,0.098043,3.0,0,0,0
1884,1,1,0,0,0.180158,3.0,0,0,0
1885,1,1,0,0,0.204108,3.0,0,0,0
1886,1,1,0,0,0.029728,3.0,0,0,0
1887,1,1,0,0,0.01586,3.0,0,0,0
1888,1,1,0,0,0.74225,3.0,0,0,0
1889,1,1,0,0,0.217455,3.0,0,0,0
1890,1,1,0,0,1.564618,3.0,0,0,0
1891,1,1,0,0,1.556155,3.0,0,0,0
1892,1,1,0,0,0.0,3.0,0,0,0
1893,1,1,0,0,0.0,3.0,0,0,0
1894,1,1,0,0,0.0,3.0,0,0,0
1895,1,1,0,0,0.0,3.0,0,0,0
1896,1,1,0,0,1.700889,3.0,0,0,0
1897,1,1,0,0,1.708971,3.0,0,0,0
1898,1,1,0,0,0.294763,3.0,0,0,0
1899,1,1,0,0,0.189831,3.0,0,0,0
1900,1,1,0,0,1.427413,3.0,0,0,0
1901,1,1,0,0,0.616503,3.0,0,0,0
1902,1,1,0,0,1.256115,3.0,0,0,0
1903,1,1,0,0,1.699056,3.0,0,0,0
1904,1,1,0,0,1.46525,3.0,0,0,0
1905,1,1,0,0,1.429256,3.0,0,0,0
1906,1,1,0,0,0.382189,3.0,0,0,0
1907,1,1,0,0,0.387074,3.0,0,0,0
1908,1,1,0,0,0.0,3.0,0,0,0
1909,1,1,0,0,0.0,3.0,0,0,0
1910,1,1,0,0,0.0,3.0,0,0,0
1911,1,1,0,0,0.0,3.0,0,0,0
1912,1,1,0,0,0.129178,3.0,0,0,0
1913,1,1,0,0,0.152713,3.0,0,0,0
1914,1,1,0,0,0.0,3.0,0,0,0
1915,1,1,0,0,0.0,3.0,0,0,0
1916,1,1,0,0,1.469928,3.0,0,0,0
1917,1,1,0,0,1.525165,3.0,0,0,0
1918,1,1,0,0,1.046463,3.0,0,0,0
1919,1,1,0,0,1.295759,3.0,0,0,0
1920,1,1,0,0,0.030541,3.0,0,0,0
1921,1,1,0,0,0.075776,3.0,0,0,0
1922,1,1,0,0,0.006265,3.0,0,0,0
1923,1,1,0,0,0.06582,3.0,0,0,0
1924,1,1,0,0,1.520818,3.0,0,0,0
1925,1,1,0,0,1.783138,3.0,0,0,0
1926,1,1,0,0,1.956278,3.0,0,0,0
1927,1,1,0,0,1.999836,3.0,0,0,0
1928,1,1,0,0,0.0,3.0,0,0,0
1929,1,1,0,0,0.0,3.0,0,0,0
1930,1,1,0,0,0.0,3.0,0,0,0
1931,1,1,0,0,0.0,3.0,0,0,0
1932,1,1,0,0,0.220825,3.0,0,0,0
1933,1,1,0,0,0.209586,3.0,0,0,0
1934,1,1,0,0,0.264831,3.0,0,0,0
1935,1,1,0,0,0.167086,3.0,0,0,0
1936,1,1,0,0,0.530925,3.0,0,0,0
1937,1,1,0,0,0.6277,3.0,0,0,0
1938,1,1,0,0,1.723934,3.0,0,0,0
1939,1,1,0,0,1.718543,3.0,0,0,0
1940,1,1,0,0,0.0,3.0,0,0,0
1941,1,1,0,0,0.0,3.0,0,0,0
1942,1,1,0,0,0.0,3.0,0,0,0
1943,1,1,0,0,0.0,3.0,0,0,0
1944,1,1,0,0,1.931173,3.0,0,0,0
1945,1,1,0,0,1.618512,3.0,0,0,0
1946,1,1,0,0,1.48372,3.0,0,0,0
1947,1,1,0,0,1.609938,3.0,0,0,0
1948,1,1,0,0,1.606109,3.0,0,0,0
1949,1,1,0,0,1.094035,3.0,0,0,0
1950,1,1,0,0,1.917014,3.0,0,0,0
1951,1,1,0,0,1.051889,3.0,0,0,0
1952,1,1,0,0,1.612741,3.0,0,0,0
1953,1,1,0,0,1.456933,3.0,0,0,0
1954,1,1,0,0,1.480919,3.0,0,0,0
1955,1,1,0,0,1.408177,3.0,0,0,0
1956,1,1,0,0,0.0,3.0,0,0,0
1957,1,1,0,0,0.0,3.0,0,0,0
1958,1,1,0,0,0.0,3.0,0,0,0
1959,1,1,0,0,0.0,3.0,0,0,0
1960,1,1,0,0,0.069238,3.0,0,0,0
1961,1,1,0,0,0.159255,3.0,0,0,0
1962,1,1,0,0,0.0,3.0,0,0,0
1963,1,1,0,0,0.0,3.0,0,0,0
1964,1,1,0,0,1.231031,3.0,0,0,0
1965,1,1,0,0,1.302507,3.0,0,0,0
1966,1,1,0,0,1.444382,3.0,0,0,0
1967,1,1,0,0,1.501647,3.0,0,0,0
1968,1,1,0,0,0.03465,3.0,0,0,0
1969,1,1,0,0,0.005939,3.0,0,0,0
1970,1,1,0,0,0.108386,3.0,0,0,0
1971,1,1,0,0,0.051097,3.0,0,0,0
1972,1,1,0,0,0.043689,3.0,0,0,0
1973,1,1,0,0,0.067985,3.0,0,0,0
1974,1,1,0,0,0.097114,3.0,0,0,0
1975,1,1,0,0,0.083675,3.0,0,0,0
1976,1,1,0,0,0.806422,3.0,0,0,0
1977,1,1,0,0,1.571865,3.0,0,0,0
1978,1,1,0,0,1.318743,3.0,0,0,0
1979,1,1,0,0,1.879818,3.0,0,0,0
1980,1,1,0,0,1.998047,3.0,0,0,0
1981,1,1,0,0,1.324805,3.0,0,0,0
1982,1,1,0,0,0.850715,3.0,0,0,0
1983,1,1,0,0,0.886602,3.0,0,0,0
1984,1,1,0,0,0.0,3.0,0,0,0
1985,1,1,0,0,0.0,3.0,0,0,0
1986,1,1,0,0,0.0,3.0,0,0,0
1987,1,1,0,0,0.0,3.0,0,0,0
1988,1,1,0,0,0.0,3.0,0,0,0
1989,1,1,0,0,0.019404,3.0,0,0,0
1990,1,1,0,0,0.0,3.0,0,0,0
1991,1,1,0,0,0.0,3.0,0,0,0
1992,1,1,0,0,0.035928,3.0,0,0,0
1993,1,1,0,0,0.01682,3.0,0,0,0
1994,1,1,0,0,0.197993,3.0,0,0,0
1995,1,1,0,0,0.234303,3.0,0,0,0
1996,1,1,0,0,0.017804,3.0,0,0,0
1997,1,1,0,0,0.109327,3.0,0,0,0
1998,1,1,0,0,0.011161,3.0,0,0,0
1999,1,1,0,0,0.01437,3.0,0,0,0
2000,1,1,0,0,1.425712,3.0,0,0,0
2001,1,1,0,0,0.922014,3.0,0,0,0
2002,1,1,0,0,1.093679,3.0,0,0,0
2003,1,1,0,0,0.933595,3.0,0,0,0
2004,1,1,0,0,1.433151,3.0,0,0,0
2005,1,1,0,0,1.562213,3.0,0,0,0
2006,1,1,0,0,1.655993,3.0,0,0,0
2007,1,1,0,0,1.645532,3.0,0,0,0
2008,1,1,0,0,0.000272,3.0,0,0,0
2009,1,1,0,0,0.0,3.0,0,0,0
2010,1,1,0,0,0.0,3.0,0,0,0
2011,1,1,0,0,0.0,3.0,0,0,0
2012,1,1,0,0,0.0,3.0,0,0,0
2013,1,1,0,0,0.0,3.0,0,0,0
2014,1,1,0,0,9.6e-05,3.0,0,0,0
2015,1,1,0,0,0.000454,3.0,0,0,0
2016,1,1,0,0,1.683497,3.0,0,0,0
2017,1,1,0,0,1.68249,3.0,0,0,0
2018,1,1,0,0,1.584716,3.0,0,0,0
2019,1,1,0,0,1.773304,3.0,0,0,0
2020,1,1,0,0,0.232742,3.0,0,0,0
2021,1,1,0,0,0.360908,3.0,0,0,0
2022,1,1,0,0,0.324913,3.0,0,0,0
2023,1,1,0,0,0.312923,3.0,0,0,0
2024,1,1,0,0,0.985287,3.0,0,0,0
2025,1,1,0,0,1.544632,3.0,0,0,0
2026,1,1,0,0,0.554323,3.0,0,0,0
2027,1,1,0,0,1.48809,3.0,0,0,0
2028,1,1,0,0,1.4164,3.0,0,0,0
2029,1,1,0,0,1.976427,3.0,0,0,0
2030,1,1,0,0,1.734424,3.0,0,0,0
2031,1,1,0,0,1.582675,3.0,0,0,0
2032,1,1,0,0,1.465909,3.0,0,0,0
2033,1,1,0,0,1.560261,3.0,0,0,0
2034,1,1,0,0,1.427037,3.0,0,0,0
2035,1,1,0,0,1.412357,3.0,0,0,0
2036,1,1,0,0,0.300964,3.0,0,0,0
2037,1,1,0,0,0.115369,3.0,0,0,0
2038,1,1,0,0,0.043101,3.0,0,0,0
2039,1,1,0,0,0.259424,3.0,0,0,0
2040,1,1,0,0,0.0,3.0,0,0,0
2041,1,1,0,0,0.0,3.0,0,0,0
2042,1,1,0,0,0.0,3.0,0,0,0
2043,1,1,0,0,0.0,3.0,0,0,0
2044,1,1,0,0,0.0,3.0,0,0,0
2045,1,1,0,0,0.0,3.0,0,0,0
2046,1,1,0,0,0.0,3.0,0,0,0
2047,1,1,0,0,0.0,3.0,0,0,0
2048,1,1,0,0,0.001272,3.0,0,0,0
2049,1,1,0,0,0.07089,3.0,0,0,0
2050,1,1,0,0,0.008013,3.0,0,0,0
2051,1,1,0,0,0.063383,3.0,0,0,0
2052,1,1,0,0,0.085119,3.0,0,0,0
2053,1,1,0,0,0.025787,3.0,0,0,0
2054,1,1,0,0,0.067329,3.0,0,0,0
2055,1,1,0,0,0.045246,3.0,0,0,0
2056,1,1,0,0,1.537639,3.0,0,0,0
2057,1,1,0,0,1.510398,3.0,0,0,0
2058,1,1,0,0,1.728332,3.0,0,0,0
2059,1,1,0,0,1.676269,3.0,0,0,0
2060,1,1,0,0,1.34139,3.0,0,0,0
2061,1,1,0,0,1.414209,3.0,0,0,0
2062,1,1,0,0,1.139107,3.0,0,0,0
2063,1,1,0,0,1.026452,3.0,0,0,0
